Dimension,Category,Model,N,N_households,mean_kwh,mean_bias,median_bias,MAE,RMSE,R2,sMAPE,MedAE,P10_bias,P90_bias
HP Type,Air-Source,RF,40146,446,41.21187316295521,0.5062425216789687,-0.9239374253881039,7.800420635433643,11.966567946033935,0.7148782601052236,21.15895308586482,5.095115066241972,-10.817189950678571,12.812955558561153
HP Type,Air-Source,XGBoost,40146,446,41.21187316295521,-0.7190078225203597,-1.8718925666809074,8.17582638207345,12.066791136125026,0.7100823193688532,22.17513422950262,5.626602020263675,-12.70093334197998,11.855757598876952
HP Type,Air-Source,LightGBM,40146,446,41.21187316295521,-0.5909313338599058,-1.6940669082718607,8.202791568001286,12.235348869574583,0.70192618613149,22.24590774985183,5.590350780821861,-12.38891399979828,11.954939667065466
HP Type,Air-Source,DT,40146,446,41.21187316295521,0.6679173414913632,-0.4688431653911138,10.044355986849341,15.389421991389707,0.5284413371950486,26.318135904266605,6.62353324468085,-13.884630922625515,16.694328320801986
HP Type,Air-Source,ANN,40146,446,41.21187316295521,4.323829236212848,2.2102149989440747,11.635866992427719,16.69231606425513,0.4452155125006132,31.231271134236287,8.08312866698266,-12.35989706573418,23.551127911957682
HP Type,Air-Source,ElasticNet,40146,446,41.21187316295521,6.89778432716887,4.0391431557188575,14.735721073917066,21.270478062142775,0.09916425141698826,37.690004230497294,10.363678899786219,-13.696654899890145,30.34941118547681
HP Type,Ground-Source,RF,33683,374,36.55823798355253,-0.04428190728597324,-1.136883505050509,7.095850046950171,11.055349665443046,0.739343080365851,21.480477668011222,4.42887473897548,-10.309812263939905,11.007992308814293
HP Type,Ground-Source,XGBoost,33683,374,36.55823798355253,-1.036487970798,-1.8834968566894545,7.42010113425876,11.044849039410506,0.7398380011158795,22.72713628294637,5.003990478515625,-11.719525177001952,10.127755645751952
HP Type,Ground-Source,LightGBM,33683,374,36.55823798355253,-0.8435095923886146,-1.7007162855796096,7.351707795442363,10.936283599614033,0.7449273937272423,22.50624538666384,4.961043441431961,-11.377875909464445,10.192141468093997
HP Type,Ground-Source,DT,33683,374,36.55823798355253,0.267603950304824,-0.5518181818181773,8.880294833397938,13.287016637347316,0.6234876295525844,26.687810351956635,5.771923076923059,-13.034327722909985,14.264863337204796
HP Type,Ground-Source,ANN,33683,374,36.55823798355253,2.0092549397753294,0.48116993411824893,9.864593745489204,14.1495615354708,0.5730173222625538,29.765168540948387,6.842758729195445,-12.909521305683043,18.421629837242822
HP Type,Ground-Source,ElasticNet,33683,374,36.55823798355253,4.036880168897472,1.6975453740322912,13.59758210797707,19.341658105493792,0.20216754972723405,39.39897159604329,9.727309651994283,-15.8843716385901,26.21508592567247
HP Type,Unknown,RF,539,6,40.12428571428571,0.18997665585727522,-1.2221936645021643,6.30347538369051,8.325340891864995,0.6563982724096753,16.211840034543158,5.1221656616161475,-8.180268667693658,11.722842156250577
HP Type,Unknown,XGBoost,539,6,40.12428571428571,-1.6487174976469194,-2.451297302246097,5.8569257786455315,7.425794814563004,0.7266386076137299,15.311062767456344,5.037265625000003,-9.69291204833984,7.9546328430175794
HP Type,Unknown,LightGBM,539,6,40.12428571428571,-2.759561383207785,-1.786267436719335,7.346404575026651,10.545445376129267,0.4487086972299821,18.14378362230073,5.102576815178736,-13.610298161062119,7.7724207515808885
HP Type,Unknown,DT,539,6,40.12428571428571,1.3100619166940175,-0.04988505747125771,6.965233602540363,9.505563095961413,0.5520732634575465,17.8430565477312,5.032777777777781,-8.59929408466498,13.404822988505751
HP Type,Unknown,ANN,539,6,40.12428571428571,2.837374407305924,2.273815198766677,9.70641718407272,12.472108000437034,0.2288639367604952,24.81705305381695,8.16604036645732,-11.962338679161446,18.178630404275314
HP Type,Unknown,ElasticNet,539,6,40.12428571428571,8.588677887351691,6.835555800980821,14.315380780375913,18.636534163069772,-0.7217955763715769,38.755262948551454,10.9695282624076,-12.659389929188764,31.583318736240027
Building Type,Apartment,RF,630,7,23.857476190476188,0.17682055005251504,-1.2653726392794074,5.828654731753256,9.070985804511105,0.8035321820725476,35.175292932429706,4.078035782844959,-8.16798548723378,8.49892734660892
Building Type,Apartment,XGBoost,630,7,23.857476190476188,0.09895725509098621,-1.714238681793213,5.597632902675205,8.616295037512145,0.8227347652170174,33.35940773296502,3.694536514282227,-7.42074462890625,9.274318206787111
Building Type,Apartment,LightGBM,630,7,23.857476190476188,-0.4365604199612268,-1.64573304136972,6.336510679657077,9.231281669806929,0.7965271574647077,37.82861511213127,4.4168677098905,-9.65663092542054,9.993349089497157
Building Type,Apartment,DT,630,7,23.857476190476188,-1.0723814379906922,-0.9604285868509097,7.403856217099449,10.423158443146056,0.7405933374732018,43.94254708030726,5.080986921529192,-11.002808691096535,9.904814982578403
Building Type,Apartment,ANN,630,7,23.857476190476188,-1.7009915825351722,-3.2387143753431333,7.143953487203417,10.240467499765339,0.7496070976113292,39.62380241766235,5.270631854874817,-10.782887370319987,9.07284112366012
Building Type,Apartment,ElasticNet,630,7,23.857476190476188,-0.6457760334186816,-6.394871585347045,13.46490039160214,15.995271675691143,0.3891062403235711,65.05393280328656,11.647211804493335,-16.89381036043668,22.78739367356222
Building Type,House,RF,73199,813,39.241013675050205,0.2514567304935802,-1.0356304805194654,7.496371410093228,11.580482540221505,0.7267193633126756,21.183167601027627,4.802445918470397,-10.645955841870494,12.035995157815755
Building Type,House,XGBoost,73199,813,39.241013675050205,-0.8754138213898159,-1.8834579467773445,7.853182781098314,11.635660517070175,0.7241089372765213,22.327394517458814,5.3419873046875,-12.282917358398437,11.128729385375964
Building Type,House,LightGBM,73199,813,39.241013675050205,-0.7242934091777791,-1.7018205843254677,7.842297697262998,11.698522795049845,0.7211198522522806,22.25229841076929,5.295799352149032,-12.018876771440382,11.214640362049197
Building Type,House,DT,73199,813,39.241013675050205,0.49819623006452585,-0.5050961538461571,9.52900646843712,14.49664722019079,0.5717565892821209,26.30189382935834,6.2306250000000105,-13.49080430493277,15.596817982456152
Building Type,House,ANN,73199,813,39.241013675050205,3.308183671967128,1.4069522148205706,10.862294268531539,15.624320399824086,0.5025403946164706,30.470699262720192,7.530187294119262,-12.67767431722609,21.47007147984031
Building Type,House,ElasticNet,73199,813,39.241013675050205,5.626920361998252,2.9516932300519443,14.233677205065197,20.452477926789552,0.1475922024963533,38.25421112241193,10.036133242141148,-14.740478908052333,28.68003804590075
Building Type,Unknown,RF,539,6,37.2482560296846,0.7730687342947207,-0.4196254607708738,5.869821641803593,8.011920319483707,0.7295724678959246,16.618461876177843,4.351944644841058,-7.6745639251082185,11.722842156250577
Building Type,Unknown,XGBoost,539,6,37.2482560296846,-1.203892121182302,-1.9362654113769544,5.460557165765143,7.09622312467138,0.7878552997569852,16.053312015105064,4.438845825195315,-8.956402038574218,7.9546328430175794
Building Type,Unknown,LightGBM,539,6,37.2482560296846,-0.6127647349436935,-1.0965833372112215,5.299081927024022,7.09650678656127,0.7878383390249738,15.316626728109675,4.199230761972231,-8.16358489530528,7.7724207515808885
Building Type,Unknown,DT,539,6,37.2482560296846,1.3769411580123125,0.45341463414635186,7.29457019158517,9.802577606067812,0.5951834676510768,22.52450251973236,5.383076923076928,-9.02039702233251,13.518534616412724
Building Type,Unknown,ANN,539,6,37.2482560296846,3.1677468491033514,2.072941889191913,9.322110223289304,12.043177173300675,0.3889738276818573,26.613993900598825,7.61347911086057,-10.316667439150303,18.178630404275314
Building Type,Unknown,ElasticNet,539,6,37.2482560296846,11.213129929353052,7.667877226652283,12.85673773063477,17.800349318257876,-0.3348569040821263,36.9548828367235,8.415971318247223,-2.6005489082837108,31.583318736240027
Heat Distribution,Both,RF,7921,88,44.732513571518744,0.9593587552809814,-0.6115200045572529,8.218051795057887,13.178895560063543,0.7878956154241052,21.12709645171849,4.908346290764953,-10.183544757575763,13.84970710966811
Heat Distribution,Both,XGBoost,7921,88,44.732513571518744,-0.5517439856081955,-1.606770324707032,8.176611358931293,12.6058048414566,0.8059414544165274,21.141048762851668,5.271551513671874,-12.115387268066407,11.565819854736326
Heat Distribution,Both,LightGBM,7921,88,44.732513571518744,-0.19003650940260342,-1.279038267332922,8.083433356448237,12.571683470149182,0.8069905872851934,20.76884943258833,5.120274922605308,-11.691214290457268,11.58005283896307
Heat Distribution,Both,DT,7921,88,44.732513571518744,0.8581000903449458,-0.4024999999999892,10.545189695000131,16.063828030041904,0.6848700315272629,26.833956182297236,6.5758620689655345,-14.278775510204085,18.25123595505618
Heat Distribution,Both,ANN,7921,88,44.732513571518744,3.9296831026052295,1.604769463697501,11.435806770781793,16.85495243683919,0.6530661494634767,28.91107359936379,7.436115356562858,-12.693980691073882,24.180010834066508
Heat Distribution,Both,ElasticNet,7921,88,44.732513571518744,9.101372906247127,5.0691972009066575,19.312636421921102,27.9231797497176,0.04781495172596817,45.91077561454653,13.155696563585348,-19.83766483846594,41.80338504900552
Heat Distribution,Floor,RF,50964,566,37.67802546895848,-0.23543580135224976,-1.323376854864506,7.3651233934141604,11.100184777021102,0.7180200135409258,21.496495750395866,4.85717295658344,-11.01618152280709,11.19514898963451
Heat Distribution,Floor,XGBoost,50964,566,37.67802546895848,-1.2802826843900945,-2.170328407287598,7.851043707615034,11.372053300978559,0.7040382122568003,23.008886099247196,5.4830757141113295,-12.709618995666505,10.624198097229005
Heat Distribution,Floor,LightGBM,50964,566,37.67802546895848,-1.1971077799865142,-2.0502936441644364,7.82537261565781,11.448327096955698,0.7000547921687453,22.901677071755362,5.41734778468836,-12.405242401186458,10.562903334907332
Heat Distribution,Floor,DT,50964,566,37.67802546895848,-0.004080689599210078,-0.7848900333624815,9.336723105259761,14.166058564226613,0.5407428412790377,26.514652277728572,6.1653164771763045,-13.788651448923428,14.647285875706219
Heat Distribution,Floor,ANN,50964,566,37.67802546895848,3.1809492237798485,1.3150517051650912,10.535582871372334,15.014668462156957,0.4840716855231376,30.546670873055632,7.447211454420653,-12.480966774115796,20.672073278325595
Heat Distribution,Floor,ElasticNet,50964,566,37.67802546895848,3.5496059245570533,1.1998807560998763,12.972060338115474,18.472044809359986,0.2191136781809231,36.15460863729938,9.357534129235903,-15.415987634230989,24.770403107431775
Heat Distribution,Radiator,RF,13501,150,41.816247685356636,1.736891315452459,-0.2517072921386827,7.671881081560832,12.48461250901777,0.6764130123634464,20.805689241557683,4.538034943001435,-9.221299653679676,14.606578871572921
Heat Distribution,Radiator,XGBoost,13501,150,41.816247685356636,0.5323267768356202,-1.0111019897460949,7.760366688985515,12.127211715885355,0.6946746714404424,21.0748798849502,4.9068295288085935,-10.766203155517578,12.919570465087894
Heat Distribution,Radiator,LightGBM,13501,150,41.816247685356636,0.838924105433954,-0.708770135505091,7.812168776299346,12.142283432135478,0.6939152823291974,21.277347074147414,4.982080643939284,-10.575712121463429,13.588274611149938
Heat Distribution,Radiator,DT,13501,150,41.816247685356636,2.331156131264317,0.6750000000000043,9.737103563722904,14.880973039228154,0.5402692283872441,26.149331090482658,6.303913043478268,-11.97357019064125,17.975754560530717
Heat Distribution,Radiator,ANN,13501,150,41.816247685356636,3.330361320576392,1.4765535201892241,11.918816572718075,17.24606001404619,0.3825231212547041,32.074988446620935,8.078877391992854,-13.806960630493577,23.39624885563078
Heat Distribution,Radiator,ElasticNet,13501,150,41.816247685356636,11.474595621249874,9.224336610751358,16.025534379351743,22.249801596000047,-0.027763522155566767,42.170787142138494,11.7287013435093,-8.618641052347488,33.67922033731495
Heat Distribution,Unknown,RF,1982,22,34.510438950555,-0.05834407702862643,-1.1013217698945064,5.819058436218606,8.50618189732275,0.7975229823135455,19.132250664936706,4.090456161255425,-8.415483885642155,9.318879335201556
Heat Distribution,Unknown,XGBoost,1982,22,34.510438950555,-1.1272573518271884,-1.693629789352417,5.880239494282351,8.673254297696234,0.7894910503039876,19.875156039724818,4.192732315063476,-9.49809844970703,7.6591001739502
Heat Distribution,Unknown,LightGBM,1982,22,34.510438950555,-1.228305132375162,-1.4696550567960873,6.348788990502262,9.437872018897513,0.7507388627601643,21.18930775553566,4.37656133186564,-10.019438860187913,7.781237649528589
Heat Distribution,Unknown,DT,1982,22,34.510438950555,-0.7709105228859661,-1.1148728652751423,7.711457168914335,11.054482057514345,0.6580337840570397,24.330929758889503,5.478612359550576,-12.256343373493966,11.485593333333345
Heat Distribution,Unknown,ANN,1982,22,34.510438950555,2.314532378121696,0.7710842823100492,8.173548351807462,11.41746202853138,0.6352077893796282,25.705709789037584,5.865625235707273,-9.915880940874533,16.75454934196359
Heat Distribution,Unknown,ElasticNet,1982,22,34.510438950555,4.848322450440892,2.246546255098968,13.551660338903623,18.818300521606837,0.00901471901457973,43.15331008069379,9.573771198517571,-14.222104705893338,28.609640795489895
PV System,With PV,RF,33334,370,37.82231715365693,0.5519662493719668,-1.2261977774170258,8.6868839863335,13.047683566548553,0.6796638131125752,25.790746217962102,5.80468889862917,-12.071167084832563,14.758668465584417
PV System,With PV,XGBoost,33334,370,37.82231715365693,-0.7771974340710269,-2.1748704528808585,8.83777836643125,12.843583107593323,0.6896072483528408,26.440795563481316,6.17108882904053,-13.598680541992188,12.976480232238774
PV System,With PV,LightGBM,33334,370,37.82231715365693,-0.6655516183355672,-1.913663015611835,8.857541439463786,12.981900519113347,0.6828857749176644,26.431371535653174,6.14541799264809,-13.570425258700357,13.15865131530787
PV System,With PV,DT,33334,370,37.82231715365693,0.8129175832795015,-0.4323380281690241,10.843414052615577,16.204925331239224,0.5058790827898962,31.50899309115313,7.409386456908343,-14.99844093406594,18.322219066937137
PV System,With PV,ANN,33334,370,37.82231715365693,3.1241225172336065,0.8199134078455401,11.594677046258022,16.561869332524108,0.48387145573880885,34.492966020496944,8.198693251106873,-13.917558824978016,22.831560017928343
PV System,With PV,ElasticNet,33334,370,37.82231715365693,9.481946850385276,5.819565956541645,15.048976482441,21.9403623770963,0.09421158235889393,42.512215340508234,10.131975434106938,-10.39782136477199,33.68794692019013
PV System,Without PV,RF,41034,456,40.13113174440708,0.013043311720825814,-0.9252749944413523,6.482287527243504,10.1508449150461,0.7732812906716373,17.607300345226133,4.152903522005779,-9.173775652898426,9.944629024930574
PV System,Without PV,XGBoost,41034,456,40.13113174440708,-0.9445550476970185,-1.6980336761474621,6.987287892187678,10.455258080529934,0.7594792827400186,19.08375968056508,4.741380119323731,-10.875409484863283,9.604771102905277
PV System,Without PV,LightGBM,41034,456,40.13113174440708,-0.7661297672543911,-1.5671422754306876,6.961038886916173,10.44968044317243,0.7597358387213262,19.01656823361467,4.712951932262573,-10.59987611550237,9.661090873057057
PV System,Without PV,DT,41034,456,40.13113174440708,0.22996154656355297,-0.5469548872180496,8.39926848962514,12.82539674622519,0.6380699919262289,22.306956086488476,5.429602272727278,-12.125740170940182,13.30357272727281
PV System,Without PV,ANN,41034,456,40.13113174440708,3.3789547075480395,1.6950689106447534,10.190023434458409,14.702596887290595,0.5243679896622238,27.303761546930776,7.001318578501245,-11.435294213036928,20.199876344141284
PV System,Without PV,ElasticNet,41034,456,40.13113174440708,2.4723586634994104,0.6795542127123504,13.541478397216956,19.058790651967083,0.20076654527628957,35.20092108407093,9.986440057821547,-17.934311630293333,24.007624662789542
Living Area,100-150,RF,18191,202,34.406060689351875,0.5353035514338753,-0.6883529106449373,6.20660711390368,9.58428978441927,0.7226836001385444,20.3352032989336,3.9771567561327537,-8.204898068834403,10.450947139971163
Living Area,100-150,XGBoost,18191,202,34.406060689351875,-0.2766067511645715,-1.3858711242675774,6.526975706440287,9.737117606877472,0.7137691027145849,21.414190133074385,4.365166320800782,-9.530122985839844,10.013911437988284
Living Area,100-150,LightGBM,18191,202,34.406060689351875,-0.0703433116864837,-1.2840095744442586,6.607276483953596,9.791337849428341,0.7105725267293691,21.833858857972015,4.457435622283743,-9.463038398027294,10.420236399096716
Living Area,100-150,DT,18191,202,34.406060689351875,0.9988474210403706,-0.049721627408985114,7.913354729519773,11.859794567090145,0.5753706454077722,25.60668388071469,5.181666666666672,-10.700786516853924,13.613846153846154
Living Area,100-150,ANN,18191,202,34.406060689351875,2.6341027362112563,0.7774189257663195,9.454630870091469,13.666413567080806,0.4361484235798275,30.103143564765638,6.468668758520323,-10.94063523934565,18.526846383873007
Living Area,100-150,ElasticNet,18191,202,34.406060689351875,5.311191388519896,3.3220635646979915,12.82111702412157,17.679505213276933,0.05638270131609546,40.03200840878477,9.437614493398957,-13.057050338083684,26.255467118215496
Living Area,150-200,RF,33492,372,37.163506210438314,-0.02416833534546213,-1.281376761449856,7.37458829419546,11.454286895993656,0.6693355882927884,21.652523469857844,4.839111281673906,-10.736524909018765,11.154659792279952
Living Area,150-200,XGBoost,33492,372,37.163506210438314,-1.2964876836011179,-2.2226602172851564,7.877677247800075,11.635339694406133,0.6587996433214802,23.197164739543467,5.486820716857911,-12.725899307250977,10.218544052124024
Living Area,150-200,LightGBM,33492,372,37.163506210438314,-0.9136835854840052,-1.8660955262647008,7.723433478500377,11.530236619778567,0.6649359897848002,22.782120731964113,5.328922891673422,-12.036503765606081,10.389168635000148
Living Area,150-200,DT,33492,372,37.163506210438314,0.4548985347986718,-0.6782547807835595,9.25578345483781,13.952051933477692,0.5094000374845289,26.729386243229946,6.210582497212927,-13.188336012394673,14.852969907407388
Living Area,150-200,ANN,33492,372,37.163506210438314,3.327059663797189,1.5618156717763867,10.888298790022645,15.635079170770217,0.38389957017308685,31.396761999424665,7.618319216903105,-12.844014707076928,21.273185884388162
Living Area,150-200,ElasticNet,33492,372,37.163506210438314,4.912254254074658,2.6429154875182874,13.24230807703797,19.206528779701703,0.07028656877798012,37.31417132456924,9.407618339978242,-14.111370070159463,25.756095206600364
Living Area,200-300,RF,16293,181,43.56420303197692,0.45147200987218505,-1.0615210627705594,8.388020135028757,12.630186239297311,0.699355256784891,21.442112495569194,5.476726784141945,-11.864077722366506,14.049443866560594
Living Area,200-300,XGBoost,16293,181,43.56420303197692,-0.6471767410978547,-1.8234933471679682,8.678027688334282,12.635867596274199,0.6990847216966094,22.303491296869815,6.110435791015625,-13.205392425537111,12.946657867431647
Living Area,200-300,LightGBM,16293,181,43.56420303197692,-0.7901268049756025,-1.9143863351723738,8.77835035364374,12.967061638649882,0.6831036361107032,22.269998454173816,6.047015901733818,-13.166612881959946,13.01222805171749
Living Area,200-300,DT,16293,181,43.56420303197692,0.4596954424485092,-0.4189189189189122,10.954779156657832,16.818566418519833,0.4668958604719635,26.95148349446523,7.294000000000011,-15.21500400228707,18.29192000000001
Living Area,200-300,ANN,16293,181,43.56420303197692,3.3831154695620995,1.3687569300467963,11.272655734492961,15.96874026799172,0.5194092364948759,28.410095540135544,8.11070930486401,-13.42587320036411,22.26082387481802
Living Area,200-300,ElasticNet,16293,181,43.56420303197692,5.569227240266669,2.028027032599393,16.1205757633972,22.68481995822902,0.030149533383699967,39.03157411335523,11.69267411875476,-17.20309831406344,33.115218186493784
Living Area,<100,RF,1893,21,29.48015319598521,-0.41386096030553127,-0.7061645101009972,5.685595234264505,8.84896114094381,0.640451705813204,24.474602801821003,3.3278940036075326,-9.726094615266156,8.107583053823955
Living Area,<100,XGBoost,1893,21,29.48015319598521,-1.2683597816929133,-1.4196165466308592,5.876205118954717,8.801472180774267,0.6443004645597857,24.98483522847128,3.614106445312501,-10.447981964111328,7.35557290649414
Living Area,<100,LightGBM,1893,21,29.48015319598521,-0.886835376562309,-0.9862667419945481,5.921259044550207,9.03722342168946,0.6249901326338876,25.20082595805015,3.6094870128462944,-10.811991953741517,8.05081158800051
Living Area,<100,DT,1893,21,29.48015319598521,-1.233249720251502,-1.2675903614457908,6.969925949885326,10.145676902653282,0.527355387145116,27.391871067725234,4.4625806451612995,-12.333586921743768,8.765123211813561
Living Area,<100,ANN,1893,21,29.48015319598521,1.4473714613075912,0.7167177765252291,8.81914903708805,12.310723316406897,0.3041112781115185,38.18783643429671,6.078906541211218,-12.437526771192069,16.251258574751482
Living Area,<100,ElasticNet,1893,21,29.48015319598521,4.118836059471472,2.853097305356247,9.748028028049754,12.724550702321453,0.2565400642165532,38.152114688951485,7.492089299917385,-9.792083318436807,20.92768372492709
Living Area,>300,RF,3240,36,67.72583333333333,1.3256982141922127,-0.4814338499277966,12.531962066083846,17.574787348553222,0.7477574613557201,21.395536111504452,8.799034062049017,-17.420867658369506,23.041782156782094
Living Area,>300,XGBoost,3240,36,67.72583333333333,-0.426596928908501,-2.3399602508544923,11.920903376620492,16.60037719425491,0.7749525567310287,20.18222912198798,8.663219795227048,-17.91451388549804,19.17327871704101
Living Area,>300,LightGBM,3240,36,67.72583333333333,-1.7680943900494792,-3.0003154656112088,12.454428508675617,16.898533139147933,0.7667958973934348,21.409687101576687,9.054376633687031,-20.459423850339853,18.430328945034763
Living Area,>300,DT,3240,36,67.72583333333333,-0.5195866715295075,-1.4113000000000007,15.699650525007135,21.355794847372707,0.6275485654813711,26.938561253389032,11.428937500000004,-25.175836111111096,24.343332412268577
Living Area,>300,ANN,3240,36,67.72583333333333,8.067824465196221,5.155184281887543,16.80212358126486,22.610160764398433,0.5825105824328358,32.03908264155484,12.784387597198872,-15.729956535397422,35.631165340327016
Living Area,>300,ElasticNet,3240,36,67.72583333333333,16.015707713006908,11.460876876624628,25.728340466364223,34.54765420345822,0.025290275644132554,40.829429960063194,18.50080349355926,-18.517452234470227,59.23346205440819
Living Area,Unknown,RF,1259,14,41.23907069102462,-0.684238030180943,-2.004640935065005,6.065349565160247,8.442669477412473,0.7943141296505088,17.189323179643385,4.408889195526708,-9.079023338672464,8.76866154285716
Living Area,Unknown,XGBoost,1259,14,41.23907069102462,-1.4969201158094823,-2.342438812255857,6.040512803026946,8.187688848962958,0.8065505300072341,17.097990064245877,4.799663696289063,-10.177581192016602,8.031668151855476
Living Area,Unknown,LightGBM,1259,14,41.23907069102462,-1.160619112100956,-2.2087322989204345,5.912153610730377,8.094686112980913,0.8109202978128185,16.580108786880622,4.608802131291526,-9.327042588589348,7.688440822012368
Living Area,Unknown,DT,1259,14,41.23907069102462,-0.2726557970743715,-1.5552631578947356,7.638012355410232,10.686817376982162,0.6704345623391306,20.521287273466235,5.219152542372868,-11.513680703959789,12.408888888888903
Living Area,Unknown,ANN,1259,14,41.23907069102462,-0.44165485654442743,0.21799267856846427,10.46495919273968,16.207298689476396,0.24200532293677834,25.210878049360296,6.335016249633274,-13.54777751097027,16.326819832695953
Living Area,Unknown,ElasticNet,1259,14,41.23907069102462,4.732017955803737,3.235475671971848,12.786261822072177,16.736648754586767,0.19168267430745256,33.8961783878203,9.425230924250698,-14.631037051922771,25.96205537678946
Group,Control,RF,68893,765,38.808834424397254,0.2961342426279882,-1.024832975877061,7.5670460506052555,11.731544812043985,0.7198473703779101,21.640286029356044,4.8034401757275305,-10.689969389265311,12.246808650360743
Group,Control,XGBoost,68893,765,38.808834424397254,-0.8034296432863589,-1.8425807189941423,7.89849452892957,11.740262924367546,0.71943083365607,22.732816141504937,5.339713745117187,-12.283787200927732,11.3149114151001
Group,Control,LightGBM,68893,765,38.808834424397254,-0.657970933611409,-1.6716165531646823,7.885280808258841,11.803625047844484,0.7163942013949004,22.672799183517032,5.291316462514022,-11.983341314628028,11.438625813211152
Group,Control,DT,68893,765,38.808834424397254,0.5069798259957019,-0.5130612244897748,9.589354919098797,14.64291019402294,0.5635453817846514,26.798460520512325,6.221428571428589,-13.555611125597562,15.67930516875144
Group,Control,ANN,68893,765,38.808834424397254,3.297795344516505,1.3490757372008915,10.8858854931882,15.702033530745398,0.49812438312985985,30.975304836383394,7.512404674359395,-12.698923247755761,21.478494396076055
Group,Control,ElasticNet,68893,765,38.808834424397254,5.2340441039453625,2.4695839285460863,14.235441332479226,20.466671728048247,0.14733439789377833,38.76380392453239,10.033946227699928,-15.239777941750743,28.453819180410914
Group,Treatment,RF,5475,61,42.712867579908675,-0.26796605801871826,-1.136840717251303,6.255027146849858,8.772027786211932,0.834172514400293,16.600926249237226,4.6512661277056395,-9.336781448810935,9.553758618037572
Group,Treatment,XGBoost,5475,61,42.712867579908675,-1.7014233204741456,-2.4187045288085933,6.7879254526216695,9.445264425404877,0.8077418496387243,17.885735498027195,5.044374237060545,-11.29390899658203,8.202254119873055
Group,Treatment,LightGBM,5475,61,42.712867579908675,-1.5147534220682508,-2.00856144431674,6.877790923365809,9.55594556886354,0.8032096251484091,18.078970069622933,5.102576815178736,-11.7321415552334,8.742639766460536
Group,Treatment,DT,5475,61,42.712867579908675,0.2934567434531208,-0.3385714285714272,8.305117587523695,11.559104954312717,0.7120580559703623,21.721392340385584,6.090989010989034,-12.174279744136452,13.64878333333332
Group,Treatment,ANN,5475,61,42.712867579908675,2.84867813501657,1.3623404448709664,9.985950134669707,13.700662074010745,0.5954803455709199,24.804745110862665,7.333525583243095,-11.800398816562339,19.93944167697879
Group,Treatment,ElasticNet,5475,61,42.712867579908675,10.398718037565242,7.995913914112727,13.987460620748411,19.55286294766882,0.1760948250212867,34.80793813828612,10.168104476614701,-7.537602407399451,30.946453595538962
Intervention Status,Control (no visit),RF,68893,765,38.808834424397254,0.2961342426279882,-1.024832975877061,7.5670460506052555,11.731544812043985,0.7198473703779101,21.640286029356044,4.8034401757275305,-10.689969389265311,12.246808650360743
Intervention Status,Control (no visit),XGBoost,68893,765,38.808834424397254,-0.8034296432863589,-1.8425807189941423,7.89849452892957,11.740262924367546,0.71943083365607,22.732816141504937,5.339713745117187,-12.283787200927732,11.3149114151001
Intervention Status,Control (no visit),LightGBM,68893,765,38.808834424397254,-0.657970933611409,-1.6716165531646823,7.885280808258841,11.803625047844484,0.7163942013949004,22.672799183517032,5.291316462514022,-11.983341314628028,11.438625813211152
Intervention Status,Control (no visit),DT,68893,765,38.808834424397254,0.5069798259957019,-0.5130612244897748,9.589354919098797,14.64291019402294,0.5635453817846514,26.798460520512325,6.221428571428589,-13.555611125597562,15.67930516875144
Intervention Status,Control (no visit),ANN,68893,765,38.808834424397254,3.297795344516505,1.3490757372008915,10.8858854931882,15.702033530745398,0.49812438312985985,30.975304836383394,7.512404674359395,-12.698923247755761,21.478494396076055
Intervention Status,Control (no visit),ElasticNet,68893,765,38.808834424397254,5.2340441039453625,2.4695839285460863,14.235441332479226,20.466671728048247,0.14733439789377833,38.76380392453239,10.033946227699928,-15.239777941750743,28.453819180410914
Intervention Status,Treatment (post-visit),RF,4638,60,42.00073738680465,-0.12451843648348018,-1.1913054303519033,6.205980315731583,8.767909188809703,0.8146147026693644,16.427881770370536,4.609950441251993,-9.044164059153658,9.640939879942838
Intervention Status,Treatment (post-visit),XGBoost,4638,60,42.00073738680465,-1.4880852615139308,-2.3168205261230455,6.714540807946893,9.461433161970348,0.7841276331675064,17.66348224725092,4.951654968261721,-10.844982208251954,8.32856184387207
Intervention Status,Treatment (post-visit),LightGBM,4638,60,42.00073738680465,-1.3570665693344615,-2.0058238154640513,6.843606819101658,9.602308274974376,0.7776513531520411,17.98432099499555,5.003450299250709,-11.358448113488787,8.82845547378877
Intervention Status,Treatment (post-visit),DT,4638,60,42.00073738680465,0.3302694857835436,-0.42447557471264474,8.24799646114088,11.54945789461644,0.6783330793805079,21.506133643757046,5.996688988095236,-11.916100182149352,13.480063167818985
Intervention Status,Treatment (post-visit),ANN,4638,60,42.00073738680465,3.340857790282339,1.6951889474277273,9.91568802476409,13.697089127952893,0.5475821149437046,24.725215546262074,7.166447785546136,-10.902655676215398,20.549841488899308
Intervention Status,Treatment (post-visit),ElasticNet,4638,60,42.00073738680465,10.25797102467464,7.939896846958762,13.627469984443442,19.15163562189361,0.11550589607554584,34.08553704012965,9.895941669073986,-7.039389470921237,29.560434450823625
Intervention Status,Treatment (pre-visit),RF,837,22,46.6589366786141,-1.06284069204552,-0.7502074078988628,6.5268063615769325,8.794814880240287,0.8924322020899211,17.559803540735064,4.9340294210748326,-11.474271091091849,9.243932574314595
Intervention Status,Treatment (pre-visit),XGBoost,837,22,46.6589366786141,-2.8835761489777014,-3.017843627929693,7.194565813436018,9.355163486837629,0.8782884941120137,19.11728935358322,5.681995391845703,-14.152032257080077,7.680109008789064
Intervention Status,Treatment (pre-visit),LightGBM,837,22,46.6589366786141,-2.388530749403154,-2.033211275112251,7.067212519037409,9.294849511278837,0.8798528154432003,18.603441286016984,5.6015394316823155,-14.001868574227476,7.95307965759064
Intervention Status,Treatment (pre-visit),DT,837,22,46.6589366786141,0.08946928953615425,0.021363636363634697,8.621638237659289,11.612416177176748,0.8124685735243653,22.914187842133714,6.724245439469282,-13.262778366914105,14.636332421143594
Intervention Status,Treatment (pre-visit),ANN,837,22,46.6589366786141,0.12140305601700369,-0.5556861591523727,10.375287847623406,13.720443686935353,0.7382026873286556,25.245435816498933,8.079294702162066,-15.289849836632344,17.298371671007427
Intervention Status,Treatment (pre-visit),ElasticNet,837,22,46.6589366786141,11.178628008636466,8.83209073817552,15.982247444144415,21.64175846962316,0.34865067924679194,38.81092056749722,12.04662055334746,-9.776413171749821,35.71851839210285
EV Ownership,With EV,RF,17369,193,43.72575277793771,1.66337827371004,-0.9653238391053449,9.96587937937878,14.739346329270848,0.6732668529395347,25.268229137456476,6.601941672882671,-12.227308252501883,19.677638194805237
EV Ownership,With EV,XGBoost,17369,193,43.72575277793771,0.4024572980891883,-1.763295898437498,9.96452676554776,14.34577427653818,0.6904828377046862,25.34491021936191,6.974089889526368,-13.79130236816406,17.821402877807667
EV Ownership,With EV,LightGBM,17369,193,43.72575277793771,0.3964502472064182,-1.661292979711554,9.963306905820255,14.551720795559401,0.6815322530835535,25.12315202151853,6.745927318103604,-13.66094218890657,17.66409899353445
EV Ownership,With EV,DT,17369,193,43.72575277793771,1.8562753019542697,-0.046666666666666856,12.282088325993923,18.32098095808916,0.4951827398420382,30.613083680815922,8.19481012658229,-15.470516519546035,22.793187584345482
EV Ownership,With EV,ANN,17369,193,43.72575277793771,4.629505056505238,1.8498339825897077,12.473879813057735,17.7933468428154,0.5238409558928736,32.16415767934466,8.691120475856813,-13.206313502289047,26.064560086567564
EV Ownership,With EV,ElasticNet,17369,193,43.72575277793771,9.550498316801251,5.818966511197402,17.867774327577997,25.38175615012669,0.031097484253804764,43.743510059150395,12.348397545071002,-14.259076376345257,38.357541426702305
EV Ownership,Without EV,RF,56999,633,37.68552746539413,-0.17468297735665841,-1.045074807359299,6.7100373384256,10.37008075539811,0.7490755780961891,20.051424197079868,4.361110779942276,-9.979361823809471,10.113396800202132
EV Ownership,Without EV,XGBoost,56999,633,37.68552746539413,-1.2571492816546637,-1.9067314147949226,7.162248636710282,10.604347144490657,0.7376104539210901,21.471638001227298,4.939915313720704,-11.704844207763673,9.321768890380865
EV Ownership,Without EV,LightGBM,56999,633,37.68552746539413,-1.0615767093956519,-1.7050481566515945,7.155281292331657,10.613376067058246,0.7371634479096688,21.48520493125622,4.919520579336833,-11.48712440279239,9.47758488975935
EV Ownership,Without EV,DT,56999,633,37.68552746539413,0.07530642823705716,-0.6007563025210203,8.645456150089952,13.027185295352428,0.6040139957904764,25.149152789962454,5.714814814814817,-12.920212033377256,13.479122610722543
EV Ownership,Without EV,ANN,56999,633,37.68552746539413,2.848850929534761,1.2214898731307091,10.31554181295341,14.817412504617666,0.48770112949397104,30.020038697371977,7.169165084421657,-12.439035192705973,19.94940678327575
EV Ownership,Without EV,ElasticNet,56999,633,37.68552746539413,4.41480335522126,2.3021954346349958,13.104760334767045,18.619950708433787,0.191023866151253,36.86770666503653,9.4892762654828,-14.821398238427127,25.476794698741
Test Month,Dec,RF,25595,826,41.47742058995898,0.9533369728485288,-0.479963831227856,7.562697469940751,11.681556607463309,0.7146727519445134,19.79082659822595,4.822967725353209,-10.001039964167362,13.210768355721976
Test Month,Dec,XGBoost,25595,826,41.47742058995898,-0.2672095154260933,-1.372703704833981,7.8669695758663085,11.744595239401667,0.7115849492236939,20.740791054474556,5.283647003173826,-11.739344818115233,11.847893562316937
Test Month,Dec,LightGBM,25595,826,41.47742058995898,-0.2612331365626019,-1.3461829731695758,7.936229757676793,11.864216525417964,0.7056798879477497,20.992453430603053,5.3759766510337315,-11.656541353294712,12.026629189748949
Test Month,Dec,DT,25595,826,41.47742058995898,1.1829739616023633,0.11267784322607355,9.765852448245838,15.182566681265941,0.5180164607917176,25.231781788940005,6.27795454545457,-12.906801739535592,16.598580000000023
Test Month,Dec,ANN,25595,826,41.47742058995898,3.216738489386914,1.2728280751957222,11.147798230880241,15.87891673333539,0.4727901027025707,29.23511179478217,7.78441623555905,-13.064722247482727,22.18868875315885
Test Month,Dec,ElasticNet,25595,826,41.47742058995898,5.6386232373534435,3.2523978516758163,14.669942047225772,20.900513994366392,0.08661106707730304,37.1349571866675,10.468655957099571,-15.77897222053028,29.06591271535147
Test Month,Feb,RF,23175,826,30.810813376483278,-1.3373917130433877,-1.7864086501732714,6.653381118522239,9.830439186475493,0.6709773526265195,24.007857136754474,4.446071668649637,-11.243633932126048,8.374112140692638
Test Month,Feb,XGBoost,23175,826,30.810813376483278,-2.2974402838229104,-2.6214299011230437,7.040199226394671,9.968089757017422,0.661698572378653,25.345843067098954,5.0162822723388665,-12.67475717163086,7.711146820068369
Test Month,Feb,LightGBM,23175,826,30.810813376483278,-2.024546713475447,-2.324633490862496,6.988283751573577,9.979304858020358,0.6609368980487268,25.120874231780903,4.901716736415921,-12.266688882454398,8.025760713858967
Test Month,Feb,DT,23175,826,30.810813376483278,-1.2201708071782733,-1.5807563025210207,8.185873704033993,11.906739355208797,0.5173129533603285,28.708940122839227,5.560100000000016,-13.700754949666097,11.169879184524522
Test Month,Feb,ANN,23175,826,30.810813376483278,1.673485154452026,0.5574482369459943,8.7839521000575,12.428724476990563,0.47406379071976956,31.62354814024812,6.274908554282032,-11.883073255067199,15.85645853204295
Test Month,Feb,ElasticNet,23175,826,30.810813376483278,2.692905123807027,0.6807751135083393,11.316131893993848,15.888803226491175,0.1404674578213938,38.88086812826009,8.516991368117182,-13.7783697145687,20.986160180903994
Test Month,Jan,RF,25598,826,44.216532541604806,0.9972597601156311,-0.7322608234126902,8.117955622644912,12.764492976979382,0.7220942675454026,20.27368402296635,5.062293333333336,-10.481239519336212,14.128631429437165
Test Month,Jan,XGBoost,25598,826,44.216532541604806,-0.1790594956479517,-1.5981355667114272,8.469535591399865,12.734296399468043,0.7234075787578593,21.32832645696762,5.663890724182128,-12.225469749450685,13.343141365051268
Test Month,Jan,LightGBM,25598,826,44.216532541604806,-0.0006928002188141091,-1.3789284431664726,8.430943020483982,12.790649617172313,0.7209541473601437,21.159748455936906,5.538038318707036,-11.999983652889755,13.34472871038266
Test Month,Jan,DT,25598,826,44.216532541604806,1.3490615177698149,0.015659973226245683,10.408833921764417,15.710096383038454,0.5790329861016152,25.553684715404902,6.808473684210525,-13.77695344827586,18.253232720355108
Test Month,Jan,ANN,25598,826,44.216532541604806,4.753343517802466,2.4338787081035775,12.334494907075511,17.656356190515314,0.46826832629456694,30.8096340864892,8.565744468285533,-12.949726129293309,25.37182515512679
Test Month,Jan,ElasticNet,25598,826,44.216532541604806,8.234758328951024,5.410924787866902,16.390932232011792,23.319414704760526,0.07247492464554772,39.44036376265702,11.648925819807626,-14.784515047595571,33.97586675535299
Overall,All,RF,74368,826,39.096250806798615,0.2546049673208572,-1.0347559746745052,7.470454727750524,11.539575809964575,0.7284069846627481,21.268741909503223,4.790484685019241,-10.565465076756583,12.012196885701535
Overall,All,XGBoost,74368,826,39.096250806798615,-0.8695402739689527,-1.8825389480590822,7.8167340177851825,11.586815587623889,0.7261787823331717,22.375448461856127,5.316699142456054,-12.198320220947263,11.088010528564457
Overall,All,LightGBM,74368,826,39.096250806798615,-0.7210475811520343,-1.6983306171566799,7.811109025774581,11.652943371634384,0.7230443817728817,22.334103343301432,5.281345225275418,-11.964878031152852,11.166926722977907
Overall,All,DT,74368,826,39.096250806798615,0.49126017672557726,-0.5020991847826037,9.494808885988135,14.438356969173016,0.5748184042955402,26.42413621926677,6.21016776106171,-13.439373341162673,15.536054158607351
Overall,All,ANN,74368,826,39.096250806798615,3.264731167424044,1.3511815551275,10.81963191519916,15.563470479912988,0.5059717315364117,30.520359112670096,7.497611636189882,-12.62778641288417,21.328043469750114
Overall,All,ElasticNet,74368,826,39.096250806798615,5.6142693323577015,2.951449949004285,14.217184899648894,20.400792623068934,0.15114601857178522,38.47214412330024,10.041147485361785,-14.719755118834891,28.64919249887455
