Household_ID,training_days,mae_rf,mae_xgboost,mae_lightgbm
1060,411,27.46007012929655,26.047594417148165,25.89598179271005
11769,875,3.5322441798135475,2.7352315224541557,3.642713334240639
88721,167,2.237128348206702,2.7399507683648006,2.4289364548754007
100119,796,3.5143010572107887,3.3665243292914484,2.876133571759232
100120,488,3.095839475935825,3.0969462156831553,3.549111020097799
100167,292,3.7584927608909284,4.408737704098879,4.719782973792285
100721,381,8.045913124359592,7.510002011309611,7.367955024597714
100768,560,3.08436434079908,3.5512856381734212,3.065009152955506
100778,412,8.189029609448015,6.109689052707546,5.991533045373298
100847,578,18.141600011720666,23.397924264695913,29.316298823802022
100871,301,6.023158644156677,8.005291617257253,6.509180874976867
101102,469,5.12588182235368,5.308033376057942,5.977248739691632
101105,692,8.429593834236995,8.021367286682128,8.505270626224174
101574,341,5.724430952341647,6.549483982404073,7.416538611225376
101707,1360,4.0522410315890465,3.816715473175049,4.0273183817332
101708,704,30.122551146642486,32.946214041815864,31.213432403729737
101721,602,23.61570997703342,22.740770312839086,22.559919484009257
101761,385,3.5992331373322797,4.0772222578260635,4.34143506003927
101776,704,3.983414684894184,4.385516537637501,4.247705855314875
101797,216,4.7293585746215125,3.778275553385416,4.457268903401793
101836,469,4.598075860761136,8.691428312513564,7.760415882581119
101891,477,27.034238599368383,20.932144153171116,22.27841184661564
102106,1612,16.086564241058156,14.68606372409397,15.517683224518834
102109,477,3.1283354182860332,2.9479665001763236,3.6706557831700244
102113,307,10.348518780591613,8.299514136420356,7.889997092659799
102119,588,4.194351406049941,6.476451800452339,6.449613926347554
102120,391,3.365817516074244,3.654025665953919,3.9450260026601858
102299,673,8.808488622527987,8.59136646440294,8.559273537705327
102778,854,6.647519994317646,6.647864919026693,5.620519665171273
103106,462,29.109840982687437,26.338082314809157,25.966960159096303
103108,320,7.320730477723018,7.1905805261400015,7.265774325146351
103115,560,1.954831651481165,3.8546957304212786,2.7590785330820724
103211,448,12.637973303651135,11.654625560336644,13.169110965576804
103246,420,3.9291093943631616,3.6048706037733287,4.269166113959931
103724,464,11.498425624929126,12.552321951124403,12.363376720094648
103834,855,6.365208512716104,6.434259734259711,7.629972450457385
103991,377,2.8790501842827965,4.3412176759507926,4.020064948176429
104012,701,8.624421203802036,6.743686545477974,8.050397698707075
104110,483,5.218546588302013,6.173885403103298,7.938292616372736
104118,697,4.09446056734513,4.360094395955404,4.385467629635771
104461,438,10.849757222921985,10.828759729173449,10.759877011694869
104546,854,3.7644916912426347,3.547661780463325,3.5513025782917444
105117,363,3.7443218638992093,10.128714225769043,7.505370220976177
105461,397,27.175119950016416,18.50402259148492,19.06847215771385
105714,385,7.155259695486881,6.367453469265713,6.957842419124312
105896,753,1.8313355206092867,1.9717152659098307,2.0525288065527656
106100,482,4.746880139303385,4.297159703572591,4.671153437604946
106102,954,6.024498900648212,6.420691967434352,5.6762622894389585
106103,1005,6.070271441722064,6.863599546644423,6.237917280034982
106310,1612,7.232706503474649,7.05865728525015,6.939659028010872
106691,1116,2.075491093067876,2.8058976313273116,2.3721382119062584
106769,560,9.888417344644875,9.550150063408747,9.856735219639553
106791,196,11.430234423278458,11.003692187839086,10.93305040352538
106841,301,2.5572642806613435,3.4933781038920086,3.230131325283812
107108,453,7.5943343910105785,9.103212634616428,9.882242034410407
107377,631,5.530822164112068,5.91559812927246,6.164988932572816
107461,567,4.09340116769555,3.80860326215956,3.8702941303383045
107719,836,4.220823992271889,4.063999257405598,4.557789343718255
107821,96,2.589162213081851,3.684818358368925,3.590773115080419
108100,399,2.6983598405225524,3.0743568038940428,2.9987937661771835
108210,347,2.4480041340996497,2.7131462943946927,2.602665567394506
108707,995,9.809319962105851,11.336505628797742,11.042519992124616
108798,99,4.403471479875544,4.51106222237481,4.675329440128446
108846,285,2.1054859134229558,2.2060342737833656,2.799419030074022
108852,349,8.86138921254863,8.635038970947264,8.142668279951529
108927,692,7.522785051360553,7.613586413065593,7.5295308753599395
108987,927,6.01871708106314,6.1635539737277565,5.769673006797081
109073,1516,1.0874770978155621,1.3606987249586315,1.3474696560046195
109107,764,4.534843530015284,5.79466879442003,5.032735753699426
109109,1000,3.762911257814347,4.203435952928331,3.703707053299561
109111,932,2.9800068767736225,2.79870847913954,2.731252395343731
109114,621,4.095009330475373,7.517391281127928,6.04492777284583
109691,461,13.877381742647668,15.916659986707904,15.794555972841389
109711,568,5.761916306856347,6.1895622982449,6.4760918889802355
109857,1612,2.427563603215096,2.638428183661567,2.802106826934756
109879,207,25.242623315176253,24.189682638380265,23.92214816220138
110113,491,6.058455920748292,4.680563221401639,4.942370302054572
110385,547,4.538764290497798,5.516753581120418,5.4679808643235415
110411,757,9.84739076980698,9.639930740356444,9.6574298038079
110461,205,10.369235896431253,10.193198569999947,9.852383626935046
110611,624,11.20504002371389,10.357800113254124,10.217583886076959
110651,396,2.308940141839991,3.6557010252397135,3.519077925076475
110668,894,3.480143015910932,3.541165793524849,3.2403404361080637
110750,130,4.046765952643304,5.234024634467231,4.291174548978915
110766,441,5.2838279728125555,5.5816066835191505,5.588149108786197
110806,280,8.32519405206898,13.123030521816677,11.69853537347608
110810,97,11.681549950715993,10.782024196306866,10.297721812533931
110877,179,26.976074408550712,19.095139036390517,19.26444710546967
110891,913,5.882496754130363,11.035134894476998,9.633592064708514
110998,921,6.09194775751033,6.492672904544407,6.579403186651926
111387,434,13.408150177619243,12.030802311367458,12.887080340274043
111580,643,8.505495088828733,7.830990630255805,8.015735268059434
111610,544,2.983524356006943,9.162998842875162,10.38258964144118
111651,1150,3.3833259905172244,3.7478147269354927,3.204586249695587
111811,566,6.636185685939558,7.802731202867296,7.9500459507398675
111901,552,5.025954719514565,5.753826659127567,6.58859216666062
111907,260,4.041012418496444,4.550110260857476,4.501266399533169
111972,1604,4.986014865899614,4.378713055080839,5.061315973232501
112105,1551,10.336435124654276,9.377955932617187,9.241279294848596
112106,466,0.8374068000816982,1.45249521806505,1.3583379815514354
112108,242,7.276945962026228,7.868600067138671,7.347464020004246
112110,262,6.098495800918244,6.644445041232638,6.908187597602136
112112,279,5.773199862569009,5.669907458835178,6.182800071746783
112113,460,7.601902445971631,7.285298273722332,7.06078930323698
112120,481,2.0916556538681936,3.1122346945868595,3.094362859823718
112691,598,12.168672442696595,13.697180770273958,12.762426785392003
112796,277,5.811536671351426,5.733421346028646,5.992828656487638
112807,280,4.064971569379884,7.0853863313463,7.142591648966205
112810,794,6.02424896352109,9.531364624023437,8.80616015639138
112845,378,2.151671898805413,2.6385475828382705,2.470612031712979
113106,531,5.047607154580601,5.513951700846355,5.316525899866549
113116,428,2.23011968830827,3.3349256947276356,3.583699142116635
113861,453,5.849760834256348,9.873106441921657,7.274588544856021
113971,173,5.047558644231124,7.089504839579264,6.63293670341379
113987,182,5.089764476162246,6.202785605536566,6.428317323443839
114104,173,6.031817389033374,5.449657617357042,6.0054279703094355
114118,796,1.9609880189431388,2.5957181883917917,2.876250421266196
114119,813,3.113012859533614,3.1219384011162643,2.675963994820935
114346,110,10.935033980770525,6.346733173794216,7.474638586419716
114677,98,6.529169060481604,6.590574255201552,6.950655020953374
114732,957,2.158079320243233,3.0369984241061743,2.7257500487061566
114791,348,9.918216508290545,8.26244622702127,7.868207948166499
114828,286,3.0701884285636063,3.017509966108535,2.8023821420133856
114891,384,2.2691323113188235,2.7366448923746742,2.1975693081132035
115103,702,4.146131882949274,7.142451063368057,6.713697214680125
115106,446,15.229424708581154,14.017549075656467,12.590612297304961
115117,97,8.237746753039694,8.183726632436116,8.5375040460372
115119,335,5.995672771387127,6.24897156100803,5.945883865830931
115698,335,10.06976668953654,10.104284650166829,9.780929877327301
115846,182,12.611039210820865,12.531052697923448,12.262767049764209
115866,455,6.011902155308118,5.623857905069987,5.547875220380157
115971,295,1.9118315244801154,2.3543387712751116,2.665613159524084
116107,869,4.4710572123522665,4.941715133666992,4.761528327575368
116117,687,2.631747715858783,4.275338388231066,3.9382076582350147
116122,1486,6.5353059119143175,6.373749206039931,5.912643095858833
116310,82,3.364511909350032,3.86559151492276,3.478938870269053
116661,824,6.034882154642452,5.37365818617079,5.967673520614534
116847,0,6.390955116502311,6.099299996763794,5.306784577217993
116858,447,7.007176310429107,7.839717324150932,7.286898372315069
116861,567,1.5401817188860887,2.079698989868164,2.302138182275083
116977,597,3.2078766469715907,3.7517241465250653,3.931665942123876
117010,1269,19.920313309319972,20.698393104553222,20.22588809929968
117101,858,3.2239584923248263,3.7068262786865236,3.5748211250702653
117102,1612,10.45416158343328,10.971207542419434,10.243504566914481
117105,365,1.679487845294075,2.638814193725586,2.407694470796556
117113,972,6.306635405561801,6.239819920010037,6.370867714027614
117119,484,10.266923975073261,10.843447898864744,9.88075286308113
117481,455,4.954184815165511,6.560458909776476,6.115947523966592
117781,811,3.9848547485587402,4.790888886769612,4.702476427363213
118101,392,2.5939746165432696,3.612934268527561,2.869543785701132
118113,455,4.801285554128533,4.372447697109646,5.1969179685902835
118122,788,3.799841627834397,3.5596451695760094,3.983186738752896
118468,187,29.471697070824575,21.86675996398926,30.716921932182522
118657,382,10.026938452128265,19.436497305976022,22.355877237446148
118711,1551,12.704013482991659,12.883899307250976,12.359667146118083
118721,763,9.299092588562337,9.689150722927517,8.36728439387536
118810,608,6.497068295997556,10.051301801893446,7.60636466457769
118985,1084,7.963462603285109,7.6519079572889535,7.5502839585278885
118998,467,4.565916811464762,5.357232554541693,5.575340625431863
119122,291,9.78060849461102,11.445298532339244,10.744029082394208
119498,846,3.1664501549075643,3.687909922281901,3.7017428394743432
119681,0,9.984914116179521,9.0448761461046,7.2134560314409555
119771,733,4.506926639707307,4.191708908081054,4.270349641742455
119788,495,1.332389917765207,1.9315232459174259,1.8012993013824103
119816,812,18.18221186679851,15.612112172444661,15.904953475406183
119878,574,6.41014528334935,7.713074535793729,6.359068611970363
120104,391,8.734602617207191,11.226992653647624,13.203094376200925
120112,601,6.0829659952137165,8.158712291717528,10.675632502608146
120116,848,15.114739132451463,21.48184870062934,20.256109157972567
120461,456,3.9234358410101513,4.624259772406684,4.619650014842728
120701,755,2.1925338872078752,2.57318158976237,2.095590903005363
120871,168,4.753138696356695,4.882508943345812,4.82304134586074
120891,855,7.189040565992804,8.082255922953289,6.878719484356602
120901,790,5.310169691946904,5.564671479119196,4.568041003135982
120986,770,3.0596108021362713,4.148702285766601,3.8666784292725778
121046,337,9.251697868816766,15.199197959052192,15.196712708732422
121103,446,5.205609607397309,5.737686147165822,5.7852883436332485
121109,377,2.949869758119622,2.3675493282741966,2.3446782518082534
121120,973,11.065494505112897,11.163775394863551,10.846796884397426
121121,900,2.847457015201797,3.1695433408949114,2.9539298871411757
121299,455,5.830197581690819,5.3064027150472,4.962610020327983
121681,1086,3.917884892430194,4.134266173044841,4.458048348806565
121697,581,4.98986543033545,5.124172954983181,5.019037471678151
121778,645,4.0799615605751,5.350814373440212,5.421662319550196
121848,469,11.045952455917007,13.160114305284287,12.144796576995999
121876,383,2.1497073325072513,3.0965599755181206,3.343710894434871
121887,362,6.198186785606265,7.64813431209988,7.164458706307219
122102,139,2.845578923397915,3.4489853820800787,4.1637459408514195
122108,467,5.287962707387208,5.746414607577854,6.151851714808917
122110,560,5.558199207642587,5.480336439344618,5.374681640735352
122117,354,6.102366739671963,9.990389584011501,9.746373272875603
122671,138,5.035012997162649,6.712926814047138,7.3857597583486685
122841,567,12.574120671304314,11.252786510891385,11.01346958732617
122881,396,1.746775277171285,2.792584555489677,2.3546638246274574
122911,173,8.085154535882648,7.969335054185654,8.982949098006348
167211,183,4.465691641567643,5.371392511155871,5.019514866352629
182067,1073,11.563347701937447,11.607234630584717,12.480349358904057
182101,393,16.502735752564572,15.96316835700141,16.216450789377166
210757,481,3.5517631258215423,3.7037781728108725,3.881640482743041
211457,860,4.080841459126935,4.860443958706326,4.161967891363239
274791,635,3.7633573493373067,3.6649286931355793,3.934568415232392
279461,481,3.8809958743003508,5.146303809271919,5.004278366909831
287100,225,4.495027565447975,4.935959410615019,5.894775709269376
298120,484,3.82198248241405,4.02300127834744,4.053519138683204
310781,1584,7.5073662607746305,7.4203557332356755,7.491601061466802
311110,209,5.784497935262276,5.965782087537976,5.598613354425338
376757,195,28.357329663625386,25.316023579915367,25.830816136745575
382698,677,23.268346574627245,23.032826087103953,22.08994711995839
384398,216,31.838887999619796,27.786211048762002,27.589477968632515
384468,482,5.344565318422213,4.9190869670444055,4.5973076107655215
385971,623,2.6698127820026323,6.008020712110733,7.296240697729612
386751,69,6.753303724981273,5.670291880289714,5.426460348106549
410083,400,27.80974650042489,24.80071811591255,22.838553905609373
410190,197,7.855610402727483,8.041706251356338,6.7402521571636616
410269,552,9.080058347747313,7.015427380032009,10.778282160929148
410387,1102,3.716576863035507,3.787435304429796,3.9172757063314854
411684,628,4.04091842224102,4.998974513583714,4.535999136101275
411810,837,6.989307963468996,8.356042047288682,7.017610751611442
412211,0,15.922017022119622,16.250437927246093,17.13239253806091
417510,545,4.075391547698024,5.830200054725904,5.916544714233988
419075,1105,5.7683554707172116,6.039256810824076,6.01415375951156
461018,1548,6.855574369430226,6.8571656994289825,6.531211054190103
461031,698,5.817968890340176,6.208679776509603,6.342123730917375
461034,905,2.711340628131322,3.5480434994167744,3.6681617506679465
461086,484,6.833268833819491,8.940252129448785,8.179966749158993
461095,1548,8.123618079394191,8.714228775448268,8.171949245078633
461128,441,16.4360909481424,21.426893690321183,21.152124995930443
461132,378,8.519750642354717,9.282986404418946,7.405957181402751
461218,756,1.8618760228652687,2.484567207336426,2.1716942457083213
461686,414,3.8261192168055156,3.8331609641181092,3.9996005543719257
466627,386,3.6839941727627536,4.620313203599718,4.803872508407322
466710,782,2.735884351826179,2.7492292353312178,3.0955558672836037
466866,469,2.3701081466956344,2.8667832942538793,3.0999264528991115
466870,398,3.7966330323151523,4.585878459930419,4.559064991567227
467071,1102,7.745206869489571,7.512740423414441,7.016847714573051
467072,463,4.0064448711777345,4.025433753119574,4.239904826901149
467969,190,17.02138349426007,16.547653018527562,15.891643308951378
468312,200,13.622907417189614,11.291977920532226,10.577349408047048
468467,693,9.401727959223965,9.67282781982422,9.640030202866862
468475,98,1.9317854070229525,3.0668840840657556,2.0591067955112
468611,1546,5.656820472673209,5.161779713948568,5.098750105916435
468711,216,17.552516381810204,17.396164052327475,17.87838798314392
469097,90,12.878054235466667,13.628443709479436,15.59451816152691
469812,281,5.0868974272423655,4.906936112297905,5.024048799054794
469980,264,10.657023984721713,11.475375694274902,11.50529302474089
477661,863,5.725654236076235,6.589188080691221,6.1991595768968
478111,719,5.234613967565961,5.770521166483562,5.2751957752687755
479721,476,3.9530903120411884,5.9882367867363815,5.207291868477125
481791,873,10.342007339822231,10.066089603000215,9.8625288624047
488371,198,3.1773335571078665,3.05065675672594,2.9570669014639983
490811,1551,30.733831223947963,27.696462823655867,27.915172233457668
510910,180,6.777212718019274,6.682124836680653,7.2740127259083485
511610,826,3.3574320908534205,2.732633143954807,3.2429446013656946
511991,128,4.540477122986081,4.798114501105415,5.270517432427487
566748,722,5.655274733045292,5.585393661499024,5.101919834409751
567115,492,6.2794023312552705,6.0452901907281555,5.718314402048031
598510,948,5.60234176100564,6.417704006618922,5.898826091038024
610768,1579,3.6117715339655363,4.59434172990587,4.423797445848838
610878,479,6.1355291408128325,5.516919942220053,6.290854830293669
611629,1366,5.919759321836419,6.349289882236058,6.376753346495368
651051,174,4.8319961677854115,8.28154000345866,6.0378395049710445
651157,191,1.536689898788748,2.387079285621643,3.0862946047030064
651224,991,3.9009560932276903,4.516051138559978,3.9822554908665753
656927,351,9.047554226283308,8.945184049501524,9.108492379570142
661038,350,9.10046173479559,10.904663203769262,11.345079191519922
661051,489,5.334953103111245,7.44843637254503,6.202822530115306
661119,869,8.665856896877834,12.475875070359972,11.757482578672166
661131,513,13.11760792925826,13.27581487952338,13.223276959932651
664874,42,2.144096346276026,3.766255167643229,3.7847886109808724
667477,523,1.3161446407652144,2.177709929148356,3.2650788350710096
667989,455,2.74158478727274,3.1401362542046436,3.2839929503940724
668446,1063,6.61489607130646,8.254763720194498,8.240417410111313
668668,860,5.237579876003854,6.658744355095758,8.44277231513548
669010,565,7.021244727745721,9.503328364054362,8.292887134659948
671148,386,3.5553038082074697,3.8351333914862735,3.613735394286119
671157,336,5.158431442126781,4.236711138407389,4.656564626289412
671178,469,2.9957218426322307,3.195656759241125,3.2555750200088878
671181,797,4.196267996315632,2.389108359972636,7.649922837525106
671198,908,6.918752117030757,7.842551323784723,7.702785970605072
671215,455,2.196718322032019,2.516832310994466,2.9407381798669934
672781,261,12.94134613624348,12.254897801717123,11.868427668607183
677172,280,4.068376588566022,5.341496963924831,4.757353855379223
677179,552,6.028888457386206,6.806526518079969,6.246453803345688
678617,545,3.6447395357553862,3.9714736311170786,4.063500089298186
680717,1072,4.224430499524699,4.34730216301812,4.203975218816114
681008,755,9.572225347947795,9.555957001156278,8.389418786410758
681039,855,13.771018402950068,13.425346169365772,13.700758235719361
681103,448,4.282447371785625,9.73719372982449,6.716222358175331
681108,782,13.556977332906985,13.718106247795953,14.412335525176875
681177,502,12.716493171978996,13.174643403357205,13.34012094256132
681179,869,3.261989915620087,2.990446865505643,3.016716480896744
683654,399,5.2930820207002505,5.361844214545356,6.2300899368273
684461,529,10.538674486127926,18.433552008734807,17.13950003630797
684667,602,7.806809869050461,6.374492314656575,7.06353350726727
687811,1180,3.1932497038493253,6.408577281528049,5.38127412254416
688105,533,2.285354903563644,2.7648172234429254,3.0248665936070194
688411,809,2.477466871564,3.4093453203837076,3.621360465580774
689115,540,13.937043911246006,14.290269514295789,16.955261486791166
689878,617,6.365991092472498,6.688551915486654,6.967857262390097
689973,761,11.27204944460161,12.406654511345755,12.124637104321723
691079,197,1.7732450089049807,2.6067218873765734,4.097885050142033
691151,0,4.864105770963663,4.976948039584689,4.855046413062919
691171,36,9.07716452263076,8.957399675157335,25.03062811280864
694611,588,15.179573143193206,13.073262650383844,12.232943802019072
696610,389,2.0132902388035494,2.750240786234538,2.4185067525071933
696710,913,12.172165084229446,11.829062654283312,13.798835460079564
697046,97,2.5438884169522638,2.986296326107449,2.7785549148771738
697998,245,5.576193567836307,5.075087897406684,6.462557338575541
698511,796,14.579862254684151,14.614807796478269,14.462203522018134
698910,789,9.403298094053229,11.28932322910854,10.448327126735325
698983,84,9.1891235989859,10.059809155410596,8.180345697683935
699710,412,7.110998102632555,5.844384655422633,8.071469598491019
699801,1366,8.345105150346114,9.042532357205166,9.23383068404582
700484,913,13.160752199164827,17.037555989583332,16.539082360921096
700816,954,3.2767858021986753,3.3575539304945203,3.696702673287452
701161,559,2.5747818617123603,2.5739083277384447,2.3676144865414264
701181,175,19.27172046715026,20.433589558919273,19.844865736668922
701191,82,8.885340708357862,8.709032361348468,8.454155791816417
701226,1548,14.752522928087334,14.660074460375439,15.092957385997456
707110,453,3.2471908573955703,3.357972933451335,3.868985273015373
707486,957,4.11533266262523,4.857697660658095,3.9659686523941162
707711,552,6.4028916014217785,6.22120474709405,6.1123760162851
707772,443,11.096500132149668,13.13307549879286,12.628075811311094
708111,415,3.012489685765794,2.7981024347941084,3.672900193605205
708499,1567,4.895309912879708,4.739980359395345,4.932353318614524
709911,913,3.3128050832282927,4.6282809694078235,4.095493365191445
710210,817,5.362490097402596,8.800785719977485,20.077959798379716
710297,333,10.603574741109506,10.574167321099177,8.223188440393123
710311,1546,2.0900187334148246,2.125727021959093,2.0550727305687007
710861,894,5.605374528300106,8.144443448384603,6.751115444434807
711001,247,4.602765478407044,4.4509209221733945,4.405231495565222
711038,727,6.606987647230141,6.654674296061198,6.521805415464571
711209,97,9.904658190942452,10.056786505805121,9.833335541815172
711446,566,4.307597942036239,4.149857161627875,4.223590036176631
716890,589,3.1537114847591323,3.3338963945176863,3.4451414023073914
717486,281,5.867577900063392,6.539248706393772,6.092805213599032
719010,434,7.176279679658679,7.848757567511664,7.993310918369045
719120,567,1.6964459415378792,2.252004029168023,1.9709903251780683
720106,932,6.934305192886317,6.3700426483154295,7.068310318704911
721067,755,1.4489295707347931,2.1553388137817384,1.9477942445400287
721157,440,7.748725819843823,8.142707735697428,8.407323767129924
725101,1300,13.617427183600107,9.264044503529867,9.90756601294631
726510,365,9.330735113465881,8.955200659783332,7.969757968585764
726810,144,6.756322366044855,7.01827013204386,6.856788919162558
726885,691,2.754493006730817,3.9941043357849115,3.678210654940391
727690,336,4.105089816183842,4.8943597973834025,5.210432596052331
728210,168,5.300268749295236,7.251056269751655,6.660468910220827
731021,781,4.09979008601533,2.925759583357927,3.8752445922557954
731058,46,12.434665311110358,10.836689571338693,11.575914376934449
731148,904,10.226113450561158,9.595037655300565,10.353736262883661
731211,536,3.523863447226239,5.449386766221788,5.268500436058843
732119,98,8.551894247014301,7.86042997233073,8.426798480432755
736778,459,5.8053146364602135,4.094500805324978,5.951179753270834
737072,755,11.604838836787101,11.07925400967068,10.988418133509091
737105,165,2.09345892670139,3.383657789442274,4.173598371809311
738311,609,9.750820219410947,13.354940370347764,11.885649368526545
738870,477,8.454156346047299,6.323145202636719,6.228012686793026
741004,454,5.508082936396392,7.859626035478381,7.149703734914303
741169,671,5.366446126180791,6.068408648173015,5.715190720294085
741222,657,6.458501607180509,3.646867899576823,4.067912284939027
746698,1085,6.000161329362958,7.537285481770832,7.026733724757305
746971,983,1.8685500795927703,1.8053986477322048,1.3744864328389772
747105,392,4.08881551904656,4.777528567843968,4.474295779947327
747298,1612,1.6273138615049625,1.6298932071261936,1.3564729206314223
747787,336,3.737874087277924,4.088366603851318,4.0704336810429105
747897,456,8.585208973448772,8.592906322055391,9.024512995615895
748012,166,3.6971038825907314,3.6495789930555556,3.4031359735711666
751078,167,2.4353950647943226,3.973163280910915,3.8292804989217433
751108,225,7.570220769151887,7.87074316046211,7.151564745006028
754628,203,22.9443676715025,25.18796401468913,24.27044265890411
756811,844,8.155475101733067,8.130576918046554,8.122094548198787
757481,168,6.212427588426791,6.588489199320476,6.179551822289239
758210,399,9.33724644304946,9.495262476603191,9.635143200561343
758467,262,5.426742505723646,5.77867327372233,5.942898066317124
758512,920,4.849275193937266,5.516772491455079,5.3659916871340165
759711,483,12.620748159130555,15.30410523139106,14.116686013873512
759747,782,13.011066990577822,13.61232275305854,13.869181329149857
761118,341,5.962266388729451,8.541833613077799,7.309443366931078
761141,261,7.365585304676902,9.089880661010742,9.097400121440778
761221,491,11.82185523205763,12.44989786275228,11.804120250934316
766880,1005,5.159449728456915,5.0229575161404085,5.428663139779273
767371,181,5.438812931972662,6.168849264356825,6.3870027164850205
768078,173,2.054368364924291,2.367937166002062,2.157170439328632
769968,138,3.4399082379338215,3.658188804626464,3.189836360572205
769978,247,3.7264919986647955,3.0993179249233673,2.7264066842057915
771031,762,5.577407975317311,5.909106268988715,5.447506929222064
771094,358,21.559355412553256,19.069386285248694,20.072061633499064
771101,692,12.469327878078575,12.196277321709527,12.318635108852517
775840,197,9.148324911204266,10.12815020243327,10.274932832615175
776751,865,11.1101244838704,11.059711254543727,11.47270120871851
777384,767,3.1630419475521836,3.40925857035319,3.408465298336954
777984,438,6.7370372096092,6.755582444932725,6.65518429364715
778186,680,3.4773934303480583,4.478731700897217,4.2401401301334785
781008,261,15.996212352421036,12.619568430582682,14.635258190731292
781067,389,27.869298037965155,24.112718500773113,24.13067453901726
781218,1612,3.3343243720027758,3.4657682694329153,3.399900538174706
787784,630,34.42408670973225,34.48812287563747,31.824552526596825
788786,559,3.624675656782728,3.7894299791124126,3.8804150571946456
788846,137,4.869207462770569,4.521742986043295,3.2873100268564617
789854,459,6.137518527382478,7.216348309834799,6.657037060916175
791196,204,3.1975335075552413,3.3492227766248917,3.1097966057372965
797651,336,13.451008206557642,11.14428098042806,11.330325799191595
797976,405,9.111491070234091,8.046601773579914,8.75374788463958
798116,692,15.070391577376936,12.833035242716473,14.107327801354465
799976,566,6.951823131639822,7.677592342376709,6.970343412584366
801001,914,3.659419838130177,4.194771868387859,3.5799740397470448
801031,804,5.5732299880831695,5.986804443359374,6.099029014477654
801051,594,6.761030488424291,5.558365242852105,5.962553105670261
801059,469,4.571029928319349,3.9330586895412862,3.688439198185664
801081,697,2.059713636389389,2.705641570197211,3.3875228673958913
801209,393,9.405222891659436,9.179294926961262,9.333556856636214
806911,863,12.662680015990311,12.379907228257919,12.43717924691474
808410,277,4.567689395870411,5.58392201884409,5.005816927455791
811031,782,4.86145715321468,4.311461880154079,4.537109745608796
811158,463,6.109908915207287,6.947331883324517,6.3474524974938324
811876,452,2.3601103536452146,2.8427538257175025,3.1259323744389325
811983,201,3.777795404684474,3.513390022277832,3.4656170953009533
812127,602,8.71389284367103,8.847179712083605,8.491516144360927
814741,852,5.832936039396575,6.954304329766169,5.516397721839123
815031,281,5.496598690616532,5.307799550798204,5.309413606641654
816571,697,5.778213725222384,5.585923857956789,6.920874454179258
817178,945,4.0096195758952815,3.906339891221788,3.9878309338874924
818111,410,10.40926397851736,10.13676844024658,9.546319310256896
819694,313,2.1412318031544144,1.7377756779988607,2.5088992119704296
819776,445,9.191062483532296,9.92865173763699,10.343370327271963
819991,125,3.0037976219691016,3.737855278862847,2.826249301484929
826511,923,2.40471376780562,2.746382553100586,3.1499890685821565
826780,1550,7.201618560199357,7.523102976057263,8.009399960890105
827127,867,10.523271101473892,10.350966263665095,10.445564074592353
827183,351,2.674177418961703,2.732357838948568,3.002050174837491
829883,456,3.4731392350408967,4.678898456149631,4.279014078562003
831189,991,2.4703272846793602,3.0298361061943897,2.899097342797047
836982,319,5.577734966047482,5.534343621995714,5.23225798624904
837951,229,1.9186352514269727,2.7229543024698897,2.5451839223557595
838351,1120,9.197525935269011,9.505390527513292,8.305062714722451
838501,573,4.572378754188099,5.719205370585125,4.553566231429264
841066,684,3.7995454942916607,5.1265942221747505,4.756662270225054
841087,334,7.7046529460492446,7.962088191562229,8.971249207553253
845791,186,5.328471760689473,6.46512311384413,6.021316018613711
846104,216,6.648273202816728,6.684625350104438,6.349363184513606
846688,462,5.519511591084952,7.275600108676486,5.924803576810172
846767,228,9.891808842615616,9.536947935740153,9.683659023962907
847111,215,3.2945848761418834,3.257839171515571,3.105864120521023
847480,827,3.3627488255995206,4.7574976849026145,5.5484017418156535
848510,447,1.5486582518435619,7.611866152445475,4.6687827790084535
848667,825,3.5301400528473437,3.874844711303711,3.9050082821940464
848810,1551,8.230400544315696,8.994704727172852,9.007491985936458
850210,482,5.1438559920578335,5.599587376064725,5.451738262826016
851086,87,9.084142252363737,9.851308882819282,7.865493180646211
851227,96,3.620822416033349,5.670752258088854,4.815504320689619
859770,548,10.34426867353467,9.615505475054732,9.726593060412107
859910,566,20.757652855527198,20.333097255282933,20.263835048858137
861048,173,8.916372743134865,8.027859643724229,7.246790242297588
861061,935,13.851150583474729,17.150312039693198,10.720827757545255
861116,1278,5.859496161778419,6.488387996967022,6.067135153215753
861151,292,3.4854823174062144,5.1450750833029275,6.366011564207313
865116,818,5.610736786478899,5.197518858857206,5.310033970108589
867612,729,3.9363629688793362,4.594337530771892,4.485120821352984
868010,566,5.346483581773844,7.217405096266005,5.929735275833971
868410,414,23.573046892290474,22.020934861924914,21.299294431060876
871038,892,8.486601395460646,7.342319564819336,7.628690393259842
871212,792,2.306823968560102,3.3111942109002004,2.5990154118241247
872117,349,14.979538968799105,13.741723493787978,13.7995830844197
876107,790,2.125554681897177,2.8159042082892523,3.4651635234296325
876122,622,4.4270422132710365,4.726288143581813,5.843358196371676
876701,921,6.307855027792308,6.721405687967937,6.968264558551725
877172,1240,6.280805931401005,2.5038384759691024,2.3391902670408986
877669,973,1.3363703896204053,1.8604316736857094,2.1448859497092227
881001,1566,1.0764938971416924,1.216483134799533,1.4485174227353834
881020,1531,4.800815582979042,4.674699474758572,4.575791824801874
881022,132,6.250266805582615,6.28508201429579,6.5368754407732075
881037,855,2.01823834985934,2.6109357087877068,2.5710603834606856
881048,770,4.41516331240202,4.674083318074545,5.093901945659962
881108,693,3.046333511716504,4.141743143717448,4.218631558632518
881211,915,4.4619817317124575,5.052079223074565,4.920228764918534
882411,262,3.307954222003413,3.3848572561475976,3.3891943811129237
886783,439,5.530182052208423,5.877993847317166,5.474451767079
887788,707,5.880160844889307,6.475270576265123,6.334793181980976
888787,280,7.712266530408093,4.658993362850613,5.472597098114961
888887,347,9.795709377182051,8.806124869452582,8.127812986099423
888888,775,10.504835340498392,10.3818518570794,10.584289185674928
896771,1050,10.868459530188893,11.657965838962129,12.52332038063242
896968,89,6.3008994120859905,5.000878773159451,5.169774825538369
897166,329,2.3554476638582957,3.363642859564887,2.931797427289622
897276,201,6.987574183509512,7.27370708041721,7.674397245890841
897410,971,3.142288840054842,4.23451953040229,3.634705216664831
898181,274,24.217135318895306,21.1402829208374,19.10953906332011
898879,328,6.376421579322904,6.898094979180231,6.887534861584736
899787,351,4.338990400833957,4.461321424547132,4.534163230276674
901037,307,4.590463685567859,3.403536643134223,3.7150939324163486
901166,1406,21.388031446526753,20.03699841478136,20.12362863448058
901207,496,11.53318666872774,15.565111173841688,12.153520372132004
907759,1000,5.806213046037247,6.317324799431697,6.56227613384559
908310,431,20.323867778690385,15.462242111206054,15.423275640851532
908510,170,12.158008606164822,16.04660255262587,10.278126240626108
908741,1086,1.9011652888049664,3.2721027247111003,3.9339321277961354
911510,203,3.8246916719620168,4.909522738986546,5.428431005749944
912170,910,3.9075321911727445,4.097196803622776,4.194373107927756
968749,767,21.11305930259456,20.90959930759006,20.050816787469564
970979,71,8.295755672426623,8.998516497294107,6.7718927829780124
971206,216,4.279092609204388,5.650163496229384,4.641521988773975
971217,1612,10.248232408471244,10.410126596238879,10.77795366454708
976612,0,3.972793394802928,5.649254180060493,6.036665953102509
978812,98,10.848500561938879,14.299195977105033,13.021775996281745
978870,761,14.21993249120567,13.184501563178172,13.189566462037707
981068,189,4.2767152947816465,5.241206685384115,4.729458240437624
981227,174,9.564916289562756,9.510300381130643,9.625038497625761
986988,1459,10.560701978970176,15.496241732279461,12.770596594406083
987461,1545,1.8752548094079462,2.187004827949736,2.1693672227748046
987611,914,5.6520737742117815,5.372324762132433,4.803795319718659
989768,796,6.327115763769054,6.203271438598632,6.278815069101083
991051,329,10.60533297943721,10.786478724161784,11.668045406370943
991071,261,2.1439654485004507,2.1765990426805284,2.606093573293653
991119,1548,9.48260008555198,10.804271419101292,10.836738751309504
993650,741,2.9204655556025347,3.117050760904948,2.742381032470053
995696,138,5.309776182056476,5.866766791449654,5.9228119162243695
996711,1578,4.365841586849346,4.297605401780871,3.9622593600731193
997610,393,2.585161058781838,3.204754330952962,2.2719151286709294
998181,996,1.6064472538551662,2.4733530125088157,2.2873995447320032
1001109,267,4.6729656369282635,5.493313626925151,3.682501393510361
1001118,783,4.68933742884172,5.820166860792372,5.849929255788475
1001167,1612,3.650559418038984,3.8925891774495445,4.068526167750821
1001228,363,3.3947370275275333,3.4509581271084873,3.1489447830136896
1007079,845,2.1244383486502416,2.7408098339504665,2.6136572797168487
1011001,920,11.54886700590717,14.326145211113822,13.945542673000443
1011048,697,7.767489293185759,9.484449579874676,9.282177554425486
1011058,394,2.0399670824287797,3.8095677736070424,3.767947937714927
1011091,495,3.9371160841863477,4.186864952935113,3.949866404265534
1011196,540,4.3307741870381875,5.141941358778212,5.58398895151772
1015877,744,3.9340063733270694,4.507113125404616,3.5327422395807915
1019880,1007,5.482270987629918,4.672020952860514,4.782617759665726
1021031,432,6.608713223970484,9.238738953484429,7.665044797761279
1021114,413,4.492344443724873,4.844400093926323,4.024740735894621
1021117,377,6.298220749459413,7.149424616216303,7.472121413461424
1021178,749,19.445610608989224,18.913479392083136,19.11027415445226
1028118,650,4.7734938340823305,4.801137357923719,5.137744263098075
1028411,692,19.635986173051034,13.523981431749128,14.840125662571877
1031001,1612,7.234830999354599,7.828918349716689,7.5991559458898434
1031061,861,3.7629954885428236,4.391817413330078,4.5717762173712355
1031221,448,3.796474728368191,3.115994720458984,3.0003198410770286
1037173,452,4.6292505878002945,3.8438551572163897,3.6241850248032574
1045107,127,16.175657569538057,16.10489936404758,15.523683325640723
1051178,281,12.881723076167479,13.554889070722794,12.748142386291367
1056907,391,5.1417832272329385,5.836882883707682,4.747116505482779
1057211,796,3.646488885257342,4.257288071526421,3.9275977531574906
1057810,452,2.630100221133947,3.387659689161512,2.792630076489093
1061006,167,3.7452999583899453,5.183904661390516,4.394624613550161
1061088,560,4.104240601055767,3.9943818978203662,4.967334878600657
1061168,0,7.191732112249746,21.409049015254762,16.262812298957524
1067471,872,10.16640353416897,10.861182681613498,9.624997678291278
1071145,409,4.936890604622508,3.4812892901102703,4.174134207649614
1071156,347,3.344214892322641,3.4815522791544593,3.680848920634649
1071207,99,15.544016141167194,14.81762717013889,13.628506188702215
1073767,824,12.452596229653803,7.677524595472547,9.060943418493164
1075697,392,8.169415743628733,10.418503284878199,10.585788904432432
1076504,245,8.81003150262416,8.472287251790364,8.927404281294486
1077199,203,5.463465123404379,5.818672026316324,5.8908620885109
1077787,1006,2.34379031244329,2.402962203979492,2.5013312152261182
1079731,1522,4.228413105770076,3.481223693847656,3.4657462357665567
1081779,855,18.70751123962879,15.320834515889487,18.01004055271428
1087011,755,3.561059293871297,4.212882953219943,4.299233828448994
1088811,872,5.313735617095604,5.662991414811875,6.975347717658361
1088901,317,5.441881898003976,5.2283322847154405,7.239775475409278
1091151,1074,18.12060258017434,18.894654211256242,18.774066315952815
1097185,466,5.05930336828589,5.969980446285672,5.931214506741051
1101116,853,38.85036394316964,38.110527077568904,35.67842335244829
1101151,488,5.174855586933147,5.010267977396647,5.251056061597926
1103097,419,18.186338312425658,17.7003079079522,14.511663122394824
1106678,932,6.526145048345619,6.6053144268459745,6.002550686330704
1107010,942,12.703568573461913,13.167968381245931,13.110523290053093
1108849,1377,1.4766081303235732,2.019016774495443,1.6089212817474352
1111228,1503,5.909615300219727,5.811230017768011,5.929788630571203
1113771,573,4.241092771155349,4.702594940185547,4.575751295413619
1118080,616,2.279745725071218,2.5743158518473304,2.353354739034073
1118111,1356,8.294890226842321,7.810797384474013,7.967112111392012
1118211,391,9.852663677346754,10.11963988579644,9.701250456926353
1118682,567,2.9093662183708355,2.9914363606770835,2.6620016000401683
1119757,421,2.7194514436497563,3.2760176027086048,3.499275859514971
1121049,98,8.69755966339121,9.689739831712508,9.977166882489875
1121071,830,8.990417955851418,11.00978756374783,10.369956540882704
1121081,489,10.646577441579051,11.247306399875217,11.069568235235737
1121096,210,6.881976946854447,6.8793900290595165,6.403610137997171
1121132,293,6.008234076074181,6.415591584928744,6.390289077989062
1125799,729,2.687844160026793,2.9410295859442823,3.422594742190735
1126821,520,19.434670999054006,15.958903912014431,15.817527375528075
1128678,800,5.0067954102724554,4.932500200376406,4.945251301000267
1128878,461,3.022169538084169,3.0838159883287215,3.1498506104917365
1129912,1116,3.814195985472733,4.178134457906087,3.53109167717575
1131027,281,17.652391564366873,17.1461338212755,16.944503892312113
1136611,84,10.502563858836025,9.000139087215885,8.975411211228915
1136774,305,4.275400955014859,4.946812327914768,4.187443502665702
1137376,460,7.167938307718634,7.268045115152994,6.716669261434557
1138999,81,10.232746170162459,11.237502232869467,11.809162746133033
1141047,1551,8.326949779538475,9.53408399793837,9.855886017929832
1141091,85,23.42696954825979,25.033549550374346,26.086564587444077
1141141,385,6.979257351553204,8.916232353210448,6.520360860339446
1147810,461,6.338059559165433,5.505847072177463,5.255687358238328
1148546,837,4.732816833162868,7.3056343977186415,6.735761546141605
1148897,459,4.667727066552146,3.8505070542229545,3.9152739291786967
1151001,542,3.5584941831547674,3.9381599570380317,3.983847351842621
1151137,659,6.282769854785963,6.269936840481229,6.690022302901876
1151157,1551,13.792090434708435,14.811032443576389,14.299356123754698
1154901,494,6.925259126471062,4.403506008572049,6.712352463298561
1158778,861,10.290062597315888,9.407023669772679,9.529211239337176
1158812,543,16.26822182016995,16.769521325005424,16.64765728016827
1159664,673,5.6142392417366915,6.077259038289387,5.473742633727538
1161021,851,22.13903255281835,24.441789543151856,24.937953371615457
1161068,1612,8.368891099368748,10.059226480272082,8.597324670056379
1171127,91,5.440864146055569,4.5634576856825095,5.092524816131715
1171168,683,3.9645533331920535,4.544697936587864,4.21379318683533
1171197,134,7.614365244673228,7.837312194824219,7.565747307608896
1178971,137,3.523124863985421,3.729135811275906,3.6337512857620142
1179971,215,6.041667754440243,9.107514092581612,8.024863345966303
1184672,726,9.789766406979734,7.944115412394207,8.999395050258297
1191021,530,5.422512866489932,6.933191987798454,8.435827606392394
1191088,404,12.223973756420731,10.419566530015734,10.530186048025032
1191122,463,3.111046187419763,3.684593199835883,4.015284047266418
1191127,56,18.17090720043961,17.164419694688583,17.671119102307692
1191761,425,5.198166513128747,5.819456451416015,8.001452459235459
1194677,1610,5.209922643842781,4.59184545050727,4.54836325916911
1197198,194,5.940042035024079,6.2081520224677185,6.627484389772486
1197401,552,7.407579746188697,8.518710876464842,8.308701285167281
1199104,506,3.406816707108824,4.371348134358724,4.542704528845916
1206911,543,3.1186460383231664,3.4530123282538523,3.7626198609001653
1207210,664,13.850477463336334,14.92306353893909,14.251732447068974
1211017,1551,6.448237421377942,5.957066883511014,5.633107852650439
1214111,267,10.82186217218276,9.992044598049587,10.089960954675144
1218377,502,4.841648460645049,6.052375489119646,5.4923015510902
1227981,429,7.486117837649219,8.678287122938368,8.297292328373231
1228100,392,5.131284120962767,6.255469455930922,5.652844185238281
1228211,376,3.21772590328621,3.35355145348443,3.5786969422148784
1228997,783,3.562594993423937,3.7457987996151574,3.4587688261432135
1668910,21,16.58418189332825,25.695478842841258,32.61064665263018
2103971,256,4.808277278542035,5.64086373731825,5.043814592287459
2119808,702,7.914416126399802,7.432446307712131,7.749717623546308
2737946,197,5.7107193024609,6.064351701524523,6.287237701960492
2767178,772,7.026900290400648,7.847140360514324,8.44123270312678
2808310,1524,3.097241041448798,3.1887494769626192,3.148293375883514
2887690,913,11.745712678297146,9.852455883449979,9.475386509629317
3699704,406,4.958469688402065,5.7551891267564566,5.552393762927441
3737828,698,4.653998147696952,4.892186669243707,4.680967754308956
4113691,569,9.78832271955544,7.421917625427246,6.489323666096873
4115111,89,6.843220048580948,7.341483419630264,7.518429995267653
4610233,76,14.033135503142065,12.077611326853434,14.453117152734665
4612011,616,3.814146397911486,4.018181175231934,4.86362231152355
4614611,758,5.449154753276099,6.436320404900444,6.03741676374374
4646467,945,4.460998146869113,4.324693606058756,4.394075442604236
4657676,390,19.374392820498617,19.70715020412869,20.959623629751814
4675102,431,9.580656452261902,10.849949102613662,10.951730486622429
4675977,203,5.239822548621691,5.440353140936956,7.114123240178728
4676816,204,9.55767794837261,9.024342406378853,9.647921426752557
4682731,1549,4.260738996360045,4.625634807162815,4.695145540330923
4698365,796,10.292420607469044,10.662549287584092,10.372008019706092
4710670,394,5.961654951059116,7.3974055726793075,6.361730999033595
4788699,972,8.854933515990009,11.372088122049966,10.989008922064455
4828868,182,6.246188446407095,4.99538845316569,4.8235391212909695
4911611,1079,2.9216195971855745,2.4602360602484805,2.9330372909773397
5101791,176,7.421781006314055,8.053730010986328,6.5121966087029355
5102111,1084,6.81393759852974,7.1829193250868055,7.77130128388632
5122717,764,6.83380216169544,6.551364252726237,6.642476026979524
5411784,357,6.42402893203747,6.073083476810665,6.1306022666627396
5586109,463,3.6533131690832517,3.529386795043945,3.597562805328268
5769106,1090,3.7209706667381397,3.7499898605346673,4.033768599542348
5845834,531,7.62307926382241,8.437526016235351,7.644148691329151
5849911,397,7.03613443684463,10.474778164333769,9.61899959130197
6118658,425,6.7191569363636265,10.194344250996908,12.243250861389134
6511010,204,5.250341854393875,4.75322732035319,4.473633684926125
6511379,915,6.325620191063814,6.583578072441949,6.627168971553598
6512274,219,5.694770997485122,6.823160704718695,6.5972977846900624
6577811,446,22.698055601973056,23.475170072767472,23.744627651756492
6611384,362,5.191271713906906,18.968557601928712,18.740718756681787
6681117,420,5.552518656754751,6.96764604610867,6.761213348001613
6683113,116,4.543131872670405,3.5095281529688567,4.437347800216139
6687651,439,11.718487596164177,11.018647072686091,11.241184751198643
6690866,183,5.68419845801483,4.695967257181803,6.640927787059115
6697809,1487,14.76410209511559,15.735440465906162,15.941357298318415
6736812,441,3.3318660196074936,4.0404870079888235,3.6147855627258876
6771838,1612,4.026600731839082,4.684058029174805,4.470794202057906
6773102,477,6.56631602359003,4.69427244398329,5.52204655846031
6810810,0,10.429507521196228,6.660095303853352,8.067314564093484
6816582,392,3.1505582413592625,3.0687675908406575,3.0650935709351805
6868115,380,6.11223137323514,5.910629595243013,5.071785810714414
6873269,204,5.607081761535412,6.109487331814236,5.843439845783137
6891687,447,7.849037040916312,8.985125985039604,9.1380588844321
6901131,420,5.639193904477912,6.455394409179688,6.544270357966379
6946989,398,5.551411803654351,5.3218910988701715,5.772667027636036
6970105,869,18.466852887061368,15.974343158298069,16.723143997655765
6975801,382,11.29099138522998,10.857496209886339,10.365258765506317
7046666,455,15.562644230029258,15.63159930759006,15.477349746210916
7048688,85,5.611953019376836,5.933376199086509,5.963424717511034
7085118,533,4.537722850806461,4.456121849060059,4.337716192836203
7101116,1005,3.0360747078927734,3.4349221649169928,3.618528845129101
7110973,386,7.874516062146602,11.673152178446452,11.65863618913689
7111010,425,4.532209267319066,4.596764321798806,4.43303605504099
7111711,344,5.2659494908643065,5.189548992953458,5.660561740898973
7115691,574,11.903046778050337,12.1357833082411,11.46372129299664
7146661,1526,6.205562940070355,6.0343218471227065,5.654488295587293
7179878,1612,5.98352976489816,6.282109733581543,6.127032597174156
7190105,1573,5.737280213981323,5.301303187052408,4.709994549568114
7211010,474,9.108810768289878,6.646304703606499,6.931627126760775
7211375,860,2.7900246558306803,2.8740321867201066,2.665497061648206
7212284,455,4.19647275733615,4.7406851162380645,4.449794456046239
7286748,722,7.666882914244913,8.449488606770831,9.36696802612825
7311879,573,2.7918201580238433,3.307030691358778,3.532199511386638
7382110,476,8.970420673128206,7.978301611158582,8.108123814882873
7390756,905,12.10555698304793,12.188880661010742,12.29443231192005
7410986,492,8.592739605598892,10.667689141167534,12.116224310613658
7411610,176,10.799289973839317,8.160250770992704,9.568351764566755
7411611,783,9.06990127132095,10.663953230116103,9.829925253851293
7437311,287,10.55344849344854,10.195087214152018,9.426729368136
7474976,1481,7.728582210953951,5.655919006683014,5.6015729295672605
7482109,183,4.982079470150868,4.433590819464789,5.415952745916497
7510211,469,8.571912320258134,8.52681315528022,8.62143638603543
7511311,602,2.7786320838354213,4.749970879448785,3.358865844439398
7511880,134,9.749771195847805,9.039751759847006,10.313071030517087
7511977,1116,6.611722334820424,7.029008861965603,6.991578549918924
7569701,709,8.749514160694238,8.325121699015298,8.45616504879204
7574841,441,3.493755885485598,3.8988069652981237,4.421466724256488
7610646,377,7.0820663431831,7.873877215915256,8.010768329759369
7611412,1531,5.4291969568570915,5.182017569647895,6.451850779308738
7612088,361,2.905531960799087,4.0640769933344245,3.742501496672392
7646451,82,7.470695840535034,9.521714074638451,11.097508613785726
7686412,438,11.929341819244845,7.412261867947048,8.508055585450986
7687011,1551,7.513269132130921,7.058683910793728,6.837950174095857
7699120,498,16.976858776176577,16.645791600545248,15.693260703357643
7710311,380,9.508595661834898,8.387566314529588,8.689357044717907
7710486,573,6.113868634491197,7.357041224161784,8.296546380252199
7710710,770,3.3143779413159553,3.0450771755642356,3.104302347758072
7711667,98,7.053033216637567,6.901965839809843,7.650422391904799
7747482,604,2.086672818761736,2.539361373387026,2.3622682562843442
7751047,787,2.608374883303499,3.1135644467671715,2.923840659221148
7809983,245,4.676446614160746,5.25914278962877,5.112746942321987
7810010,435,7.926463467139339,7.25251513587104,7.547915415203569
7811190,412,4.1607240575443045,4.230311756557888,4.599907034527605
7811599,1551,4.4842354582476665,4.527808107164171,4.581912620549461
7836781,620,6.3992815198229085,8.136196446736655,8.023583697317898
7846661,203,2.5930888078310392,3.715078051673041,4.42701983915202
7873107,642,14.770030915361769,14.19805977037218,13.787429023446498
7878467,552,9.084670075381192,8.630835369533962,8.639700580953589
7899997,1370,12.807723470628705,15.705696798536511,15.437703657426399
7910273,1551,11.92092359843726,10.804124045477971,10.771613745646926
7910410,515,14.437869382636942,14.213427111731635,13.576041911876395
7910512,323,2.3861447297550735,3.1181566621992323,3.1243525737446665
7968691,774,11.072580444886178,10.495314032660591,11.701400974887976
7978677,70,9.844249578660252,15.374014207628038,11.575953988943807
7997585,573,4.682224329039724,5.71995240190294,5.412301329801106
7999741,180,4.931036780422905,5.139936110602484,5.873001714408071
8011069,329,5.325227959139965,5.761145125495063,5.300623123007182
8011668,533,7.884805831217636,8.82172657775879,8.466924684140794
8086103,370,5.6610314215118285,7.638683191087509,7.734370178612114
8111796,606,6.912546692721324,5.6945540640089245,6.573332990205741
8116101,1551,6.908683756861549,7.255425127665202,7.093793381722412
8175116,469,18.42947982623858,17.90131511433919,18.418588374602137
8175708,244,8.268279366589823,8.281483746203746,8.678477248649358
8190120,476,9.76132441070102,8.357300708346896,9.715893110785398
8211908,195,25.682621468418397,22.61027924431695,21.488109786906662
8270738,417,4.862333801177593,6.657239695119334,6.652335117000382
8272971,1556,5.608702561949299,5.307789322747124,5.210652704498803
8310587,419,4.94029074461221,5.591090998331705,5.653390020763026
8311087,337,3.1737981605355876,4.344675356547038,5.47163137431999
8311865,532,3.8558157021276185,3.904323666042752,4.013912571714946
8312167,549,8.661681433925876,8.04489045800103,8.2998357407827
8351121,445,6.146389409324969,14.733417894151474,10.047827363713875
8369469,293,5.358358305435328,6.544556968605124,5.810076388530799
8369717,970,4.493295837581128,4.976975978427463,4.852363488041805
8382841,858,6.407909419336241,5.7729878573947495,5.9870198249991615
8410090,927,5.9118931354742195,6.397885192871095,6.755952347059502
8410411,490,6.30111620851735,7.065467863816483,7.859341893388461
8410610,1049,19.924824220921305,18.954140417310928,19.435315922019388
8411812,414,18.07623272225026,17.079504269070092,18.05217562047052
8412079,448,11.851655897299773,11.623185032738578,11.840565095176284
8461026,92,14.652088770929737,14.18628611924913,13.635440097580997
8466897,95,13.583053878375344,9.94939593802558,12.014859929792236
8478885,912,10.123132194899945,9.534179397583008,9.440915986560375
8486107,323,13.801716436499923,9.65011597357856,10.79185237215638
8487107,0,13.684746855799045,12.436296426561142,12.44563147054351
8498411,601,8.983910537045732,8.902415860493978,9.253619007035297
8546677,488,6.0447040912835455,5.38639998541938,5.631870838657411
8566105,165,7.148952099359606,6.974243226793077,7.495759551890168
8611006,602,6.463192367319242,10.078736107720268,8.966515772639843
8611670,573,5.336738343420599,6.193257431030274,5.7708057495187735
8611772,0,13.272500236012727,12.483091533237035,11.956369707590417
8612210,465,5.893197898514816,5.228735444810654,5.221439990441642
8646105,431,11.890638762228637,17.64374128044976,13.0918612870466
8646701,442,15.738502036235852,15.38126178656684,15.395814832611714
8646875,1612,3.67895174538863,5.208007497575548,5.6312015469407735
8673111,438,7.303175625032875,9.17770036231147,10.160764628732252
8678172,440,3.1705579760775096,3.408920701768663,4.111853217891821
8681127,418,3.311007654202935,3.9204196049616895,3.235026203170816
8682112,421,12.867675051418555,10.265112528483073,10.465215555124377
8766671,929,6.407368462695435,7.2133737911648215,6.624264531188793
8773113,819,6.872505031426509,7.320619909498427,16.448631361259217
8785461,1227,9.990739225635751,10.237794232686358,10.005926749245019
8790869,1605,18.422656217196945,15.738266315036348,16.878102030496017
8877761,391,3.4640063645656674,3.772027303059896,4.027417344845453
8882112,285,2.9914255480761653,4.495085255968702,4.0708930229815925
8910098,622,10.8307564638089,11.179875314076742,10.84126817817417
8910697,620,13.274799531805344,14.969805402967664,14.532363794939204
8910784,971,3.602749238062161,3.4629165429009334,3.502233568935976
8910987,1612,3.8009267878492987,4.0280826076931415,3.8224186534398275
8911412,1612,7.982012097071354,8.430479875352647,8.362418994309767
8969472,448,6.692834794854616,6.765489493476019,6.602373756756725
8971777,755,3.7450532042916986,3.1903244917127824,3.722738427496915
8976851,413,14.608484800268062,14.421193042331273,14.579342582512304
8985109,1495,6.984118234876046,6.70120736845247,7.180082492606376
9010312,894,5.086954800434542,5.071788560655382,4.403922963300355
9011071,609,7.704491539680975,7.36275503794352,8.329076745814746
9011284,434,7.811862528692042,8.6483121448093,7.78337003005946
9011578,440,4.032760250622922,7.177241583930122,4.880556862334673
9011921,303,11.26167673061859,11.236279899681008,10.475203721938705
9073879,419,3.9102781579691372,3.420209958365794,3.896240844009588
9075869,420,3.540445336789154,4.098707033793131,3.8847017506328876
9097118,441,6.5323822852730595,6.315581242031523,6.509291086832789
9097838,691,6.690906697293468,6.905958714860209,6.6999288295132775
9100837,414,10.43811692021909,10.437174869113498,10.916756970291498
9111107,482,7.688292980699382,5.453796548631456,5.737828825866931
9383109,1024,6.5658253597777625,6.421276039123535,6.357749205880801
9770887,1258,3.3173977095078455,4.281815131717258,4.7485791988791615
9812028,503,16.79200260454416,14.535268655565051,14.226720920142881
9816877,54,18.52780651615331,20.304567598130966,19.27551267296042
9871788,729,5.1646288067095805,5.591361354785961,5.476247572674224
9894115,970,5.600409880562302,7.466800231933594,5.864920503597961
9970781,403,7.7405598759420196,11.285847291734484,9.791297804123298
9975101,393,6.081420822298669,6.6292268040974935,6.657473085171965
9980121,446,27.259075884533914,20.233831556532117,20.49153643586316
9981041,96,12.979638960942774,8.985739201863606,12.54847217283052
